{"type":"FeatureCollection","features":[{"type":"Feature","geometry":{"type":"Polygon","coordinates":[[[75.7752578779286,27.0230774316453],[75.7718368067641,27.0216089352065],[75.7699869698799,27.0209641031753],[75.7696350988848,27.020578993158],[75.7651914682458,27.0202923987069],[75.7614023537162,27.0149059024493],[75.7584496309031,27.0103568552189],[75.7452994683434,27.0106306417339],[75.7321177847986,27.0231755210758],[75.739456482579,27.0290124037988],[75.7432568790503,27.0294501577553],[75.7551167383669,27.0297711763457],[75.76373315579,27.0256562329141],[75.7727649506072,27.0240070479247],[75.7752578779286,27.0230774316453]]]},"properties":{"ward_number":1,"vidhansabha":"Vidyadhar Nagar","vidhansabha_hi":"\u0935\u093f\u0926\u094d\u092f\u093e\u0927\u0930 \u0928\u0917\u0930","mla":"Diya Kumari","mla_party":"BJP","lok_sabha":"Jaipur","mp":"Manju Sharma","mp_party":"BJP","centroid_lat":27.021771,"centroid_lng":75.759918,"parshad":"","parshad_party":"","total_reports":0,"open_reports":0}},{"type":"Feature","geometry":{"type":"Polygon","coordinates":[[[75.7599202610581,27.0103262369499],[75.759700713701,27.0088339325689],[75.759508684436,27.0079183881396],[75.7594464051356,27.0075207247251],[75.7596228639018,27.0057127263388],[75.7597993235664,27.005032985448],[75.7610241593883,27.005032985448],[75.7617403771811,27.0047601633525],[75.7617196171149,27.0039416922933],[75.7628406535041,27.0038815783829],[75.7629185033032,27.0037983439309],[75.7629392633694,27.003590256731],[75.7630274923034,27.0034099143396],[75.7633440819657,27.003197202614],[75.7634426909328,27.0030908462001],[75.7635361112307,27.0028873823109],[75.763904599262,27.0027764017798],[75.7643613180238,27.0026238034707],[75.7648595560197,27.0024943257368],[75.7662764220049,27.0022677391436],[75.7667227598353,27.0022122489861],[75.7668940299324,27.0009544545994],[75.7668525098,27.0000573425479],[75.7666760501355,26.9989290068456],[75.7664528807711,26.9980642491673],[75.7661622416408,26.9971948607858],[75.7658923625766,26.9965381912085],[75.7657003333116,26.9957566564129],[75.7643945583843,26.99626421349],[75.7640121698223,26.9963582057051],[75.7636693385739,26.9964012856774],[75.7625133819747,26.9964796125667],[75.7615640037549,26.9965814376012],[75.7608212030161,26.9965971027983],[75.760522324538,26.996565772402],[75.7603772807555,26.9965422741989],[75.7602805843017,26.9965070272852],[75.7598850102681,26.9962955447707],[75.759735571029,26.9962602977797],[75.7596168990884,26.9962602977797],[75.7593136251535,26.9963190430254],[75.7576522125951,26.9967263415911],[75.7565489996795,26.9970200662954],[75.7554765531641,26.9973020408097],[75.7548304488791,26.9975331021649],[75.754483222174,26.9976975872341],[75.7535118675691,26.9982576157169],[75.7528481059989,26.9986714762616],[75.7513118961332,26.9942070284289],[75.750933752111,26.9920589766347],[75.7506974125463,26.9913850694538],[75.750130196513,26.9898477037876],[75.7494963218923,26.9877234578395],[75.7468427847813,26.988390830163],[75.7437801620764,26.9893360657235],[75.7423312406086,26.9898379291622],[75.7408004853133,26.9902840277612],[75.7401554509218,26.9900952942623],[75.7396192456304,26.9897487831942],[75.739690720086,26.9903995304859],[75.7401638843057,26.994707386116],[75.7405546038436,26.9952981839311],[75.741809640127,26.9990644461474],[75.7422477188467,26.9991171940492],[75.7429581173531,26.9993914825797],[75.7433725164819,26.9996763198069],[75.7441421139656,27.0003409382653],[75.7444973132189,27.0008262123599],[75.7450135938773,27.0018702998609],[75.7449969795361,27.0025995197537],[75.7449558789169,27.004052298699],[75.7439380032583,27.0089649652672],[75.7324454048743,27.0070641490266],[75.7306762546689,27.0069182018894],[75.7302502969174,27.0071459068089],[75.7295295830565,27.0075311781121],[75.7287760564333,27.010450064135],[75.7292347254376,27.0150909361473],[75.7321177847986,27.0231755210758],[75.7452994683434,27.0106306417339],[75.7599202610581,27.0103262369499]]]},"properties":{"ward_number":2,"vidhansabha":"Vidyadhar Nagar","vidhansabha_hi":"\u0935\u093f\u0926\u094d\u092f\u093e\u0927\u0930 \u0928\u0917\u0930","mla":"Diya Kumari","mla_party":"BJP","lok_sabha":"Jaipur","mp":"Manju Sharma","mp_party":"BJP","centroid_lat":27.000086,"centroid_lng":75.753581,"parshad":"","parshad_party":"","total_reports":0,"open_reports":0}},{"type":"Feature","geometry":{"type":"Polygon","coordinates":[[[75.7708123671157,27.0051858221984],[75.7707200140163,27.0042642404474],[75.7705845615462,27.0032932796303],[75.7705045225527,27.0027227679671],[75.7704675811333,27.002382654083],[75.7704244826609,27.0018999095389],[75.7704244826609,27.001334876715],[75.7704552670273,27.0002432026925],[75.7704798943409,26.9995849020752],[75.7705291498662,26.9991679761176],[75.7706225369265,26.9985073231884],[75.7708119152632,26.9977831410184],[75.7697509438272,26.9975412280522],[75.7688867788969,26.9970337311671],[75.7682582959646,26.9964562328092],[75.7672715846599,26.9952345722855],[75.7657003333116,26.9957566564129],[75.7658923625766,26.9965381912085],[75.7661622416408,26.9971948607858],[75.7664528807711,26.9980642491673],[75.7666760501355,26.9989290068456],[75.7668525098,27.0000573425479],[75.7668940299324,27.0009544545994],[75.7667227598353,27.0022122489861],[75.7662764220049,27.0022677391436],[75.7648595560197,27.0024943257368],[75.7643613180238,27.0026238034707],[75.763904599262,27.0027764017798],[75.7635361112307,27.0028873823109],[75.7634426909328,27.0030908462001],[75.7633440819657,27.003197202614],[75.7630274923034,27.0034099143396],[75.7629392633694,27.003590256731],[75.7629185033032,27.0037983439309],[75.7628406535041,27.0038815783829],[75.7617196171149,27.0039416922933],[75.7617403771811,27.0047601633525],[75.7610241593883,27.005032985448],[75.7597993235664,27.005032985448],[75.7596228639018,27.0057127263388],[75.7594464051356,27.0075207247251],[75.759508684436,27.0079183881396],[75.759700713701,27.0088339325689],[75.7599202610581,27.0103262369499],[75.7584496309031,27.0103568552189],[75.7614023537162,27.0149059024493],[75.7651914682458,27.0202923987069],[75.7696350988848,27.020578993158],[75.7699869698799,27.0209641031753],[75.7699073027889,27.0195790708293],[75.7697410668506,27.0181529920909],[75.7695809879653,27.0159041401363],[75.7694393793406,27.0148893994896],[75.7694270652347,27.0142915210977],[75.769470163707,27.0129860504124],[75.7695748309123,27.0109565072583],[75.7696610269588,27.0104134610189],[75.769790322376,27.0098320145005],[75.7702336185108,27.0084112984338],[75.7705414639721,27.0074129469744],[75.7706338170715,27.0071386724096],[75.7707015428575,27.0068369705759],[75.7707631115904,27.006524296621],[75.7707938968552,27.0061896791092],[75.7708369944293,27.005564326729],[75.7708123671157,27.0051858221984]]]},"properties":{"ward_number":3,"vidhansabha":"Vidyadhar Nagar","vidhansabha_hi":"\u0935\u093f\u0926\u094d\u092f\u093e\u0927\u0930 \u0928\u0917\u0930","mla":"Diya Kumari","mla_party":"BJP","lok_sabha":"Jaipur","mp":"Manju Sharma","mp_party":"BJP","centroid_lat":27.005346,"centroid_lng":75.766862,"parshad":"","parshad_party":"","total_reports":0,"open_reports":0}},{"type":"Feature","geometry":{"type":"Polygon","coordinates":[[[75.7722071848507,26.998803746237],[75.7706225369265,26.9985073231884],[75.7705291498662,26.9991679761176],[75.7704798943409,26.9995849020752],[75.7704552670273,27.0002432026925],[75.7704244826609,27.001334876715],[75.7704244826609,27.0018999095389],[75.7704675811333,27.002382654083],[75.7705045225527,27.0027227679671],[75.7705845615462,27.0032932796303],[75.7707200140163,27.0042642404474],[75.7708123671157,27.0051858221984],[75.7708369944293,27.005564326729],[75.7707938968552,27.0061896791092],[75.7707631115904,27.006524296621],[75.7707015428575,27.0068369705759],[75.7706338170715,27.0071386724096],[75.7705414639721,27.0074129469744],[75.7702336185108,27.0084112984338],[75.769790322376,27.0098320145005],[75.7696610269588,27.0104134610189],[75.7695748309123,27.0109565072583],[75.769470163707,27.0129860504124],[75.7694270652347,27.0142915210977],[75.7694393793406,27.0148893994896],[75.7695809879653,27.0159041401363],[75.7697410668506,27.0181529920909],[75.7699073027889,27.0195790708293],[75.7699869698799,27.0209641031753],[75.7718368067641,27.0216089352065],[75.7752578779286,27.0230774316453],[75.7774241706261,27.0161241800809],[75.7777840312373,27.0137277302092],[75.7779729577214,27.0132308008607],[75.7780539264712,27.0112350470423],[75.7780179399609,27.0092232277943],[75.7779999467058,27.0083736037834],[75.7775411249879,27.008237342535],[75.7773791883866,27.0079487893698],[75.7768753835308,27.0077964974119],[75.7767314392863,27.0075800811584],[75.7765605060575,27.0072434338921],[75.7758767713453,27.0069468626173],[75.7750490923885,27.0068186152074],[75.7741044590701,27.0062655468766],[75.7740414835754,27.0059850042775],[75.7740684734581,27.0040933251615],[75.7741494422079,27.0036204006092],[75.7741944244475,27.0020493152736],[75.7743166339537,27.0001546628728],[75.7726719983315,26.9990317613416],[75.7722071848507,26.998803746237]]]},"properties":{"ward_number":4,"vidhansabha":"Vidyadhar Nagar","vidhansabha_hi":"\u0935\u093f\u0926\u094d\u092f\u093e\u0927\u0930 \u0928\u0917\u0930","mla":"Diya Kumari","mla_party":"BJP","lok_sabha":"Jaipur","mp":"Manju Sharma","mp_party":"BJP","centroid_lat":27.007743,"centroid_lng":75.772681,"parshad":"","parshad_party":"","total_reports":0,"open_reports":0}},{"type":"Feature","geometry":{"type":"Polygon","coordinates":[[[75.7870393107276,27.0080240524879],[75.7937962379704,27.0078186206644],[75.7982778871088,27.0082999071759],[75.8000296549134,27.0085753282009],[75.800998888596,27.0087277151448],[75.8032797281703,27.0084603355551],[75.8078614145971,27.0083712083503],[75.8114289129496,26.9996116244846],[75.8131054127131,26.9943832808988],[75.8125324447671,26.9940059217925],[75.8123638839888,26.9938949060814],[75.8114933931223,26.9937799944753],[75.8049163535151,26.9917402893284],[75.8027240069794,26.9917690171616],[75.801917997184,26.9915391894883],[75.8008540649008,26.9911944462976],[75.7999835740343,26.990820973182],[75.7988874012156,26.9901602095859],[75.797698799839,26.9893918079817],[75.7975714816138,26.9912070336475],[75.7968480602306,26.992048318492],[75.7969584128734,26.992507198046],[75.7963943894526,26.9934686545846],[75.7953153897272,26.9944301029049],[75.7957567985016,26.9954352444889],[75.7954502645806,26.9979480587487],[75.7932800022278,26.9980463854245],[75.7919067287883,26.9979917600378],[75.789172443913,26.9974127249843],[75.7875907271917,26.999422945857],[75.7876520336166,27.0007776393419],[75.7878114315789,27.0041096800361],[75.7843659873241,27.0041970762072],[75.7828933674007,27.0056021495794],[75.7794317085551,27.0032509882729],[75.7792318765235,27.00347137154],[75.7743166339537,27.0001546628728],[75.7741944244475,27.0020493152736],[75.7741494422079,27.0036204006092],[75.7740684734581,27.0040933251615],[75.7740414835754,27.0059850042775],[75.7741044590701,27.0062655468766],[75.7750490923885,27.0068186152074],[75.7758767713453,27.0069468626173],[75.7765605060575,27.0072434338921],[75.7767314392863,27.0075800811584],[75.7768753835308,27.0077964974119],[75.7773791883866,27.0079487893698],[75.7775411249879,27.008237342535],[75.7779999467058,27.0083736037834],[75.7780179399609,27.0092232277943],[75.7780539264712,27.0112350470423],[75.7779729577214,27.0132308008607],[75.7777840312373,27.0137277302092],[75.7774241706261,27.0161241800809],[75.7752578779286,27.0230774316453],[75.7756899343426,27.0229163167191],[75.7797833486831,27.0205460569244],[75.7816424939103,27.015332588869],[75.783897771025,27.0115312668661],[75.7859590048517,27.0080568971502],[75.7870393107276,27.0080240524879]]]},"properties":{"ward_number":5,"vidhansabha":"Vidyadhar Nagar","vidhansabha_hi":"\u0935\u093f\u0926\u094d\u092f\u093e\u0927\u0930 \u0928\u0917\u0930","mla":"Diya Kumari","mla_party":"BJP","lok_sabha":"Jaipur","mp":"Manju Sharma","mp_party":"BJP","centroid_lat":27.003194,"centroid_lng":75.788939,"parshad":"","parshad_party":"","total_reports":0,"open_reports":0}},{"type":"Feature","geometry":{"type":"Polygon","coordinates":[[[75.7593136251535,26.9963190430254],[75.7596168990884,26.9962602977797],[75.759735571029,26.9962602977797],[75.7598850102681,26.9962955447707],[75.7602805843017,26.9965070272852],[75.7603772807555,26.9965422741989],[75.760522324538,26.996565772402],[75.7608212030161,26.9965971027983],[75.7615640037549,26.9965814376012],[75.7625133819747,26.9964796125667],[75.7636693385739,26.9964012856774],[75.7640121698223,26.9963582057051],[75.7643945583843,26.99626421349],[75.7657003333116,26.9957566564129],[75.7672715846599,26.9952345722855],[75.7662274117197,26.9938141240166],[75.7631295642759,26.9894065624331],[75.7600589735144,26.9849845662488],[75.7533722388312,26.9867529353773],[75.7524532263629,26.9869840720358],[75.7519608337046,26.9851850782232],[75.7490406604476,26.9860073432897],[75.7494963218923,26.9877234578395],[75.750130196513,26.9898477037876],[75.7506974125463,26.9913850694538],[75.750933752111,26.9920589766347],[75.7513118961332,26.9942070284289],[75.7528481059989,26.9986714762616],[75.7535118675691,26.9982576157169],[75.754483222174,26.9976975872341],[75.7548304488791,26.9975331021649],[75.7554765531641,26.9973020408097],[75.7565489996795,26.9970200662954],[75.7576522125951,26.9967263415911],[75.7593136251535,26.9963190430254]]]},"properties":{"ward_number":6,"vidhansabha":"Vidyadhar Nagar","vidhansabha_hi":"\u0935\u093f\u0926\u094d\u092f\u093e\u0927\u0930 \u0928\u0917\u0930","mla":"Diya Kumari","mla_party":"BJP","lok_sabha":"Jaipur","mp":"Manju Sharma","mp_party":"BJP","centroid_lat":26.994066,"centroid_lng":75.757804,"parshad":"","parshad_party":"","total_reports":0,"open_reports":0}},{"type":"Feature","geometry":{"type":"Polygon","coordinates":[[[75.7742843152647,26.9834277853031],[75.7744477053401,26.9827725699709],[75.7746826570077,26.9817857539589],[75.7722513954374,26.9821896412441],[75.7714909454982,26.9822987960646],[75.7709295388698,26.9823488260223],[75.7697965189548,26.9824670771059],[75.7682756181782,26.9826671949033],[75.7677652493327,26.982658098502],[75.7673977826859,26.9826126172847],[75.7670150060517,26.9825898766692],[75.7669741767238,26.9822396704499],[75.7670099018243,26.9819167517285],[75.7661728965583,26.9819713296846],[75.7661831041149,26.9827899942482],[75.7650756026422,26.9828764087292],[75.7640650707111,26.9828809565209],[75.76332536916,26.982877168429],[75.7629665766457,26.9831642281037],[75.7626771223931,26.9834151370437],[75.7614043515693,26.9845184129518],[75.7611771182267,26.9846280970548],[75.7600589735144,26.9849845662488],[75.7631295642759,26.9894065624331],[75.7662274117197,26.9938141240166],[75.7672715846599,26.9952345722855],[75.7682582959646,26.9964562328092],[75.7688867788969,26.9970337311671],[75.7697509438272,26.9975412280522],[75.7708119152632,26.9977831410184],[75.7723282049874,26.9924188490489],[75.7728074588864,26.9907472538636],[75.7730813174873,26.9892098522645],[75.7731917428936,26.9879613918703],[75.7733513573499,26.9869500917164],[75.7735817392877,26.9859175674911],[75.773783826989,26.9850740914313],[75.7739330272762,26.9845707626146],[75.7742843152647,26.9834277853031]]]},"properties":{"ward_number":7,"vidhansabha":"Vidyadhar Nagar","vidhansabha_hi":"\u0935\u093f\u0926\u094d\u092f\u093e\u0927\u0930 \u0928\u0917\u0930","mla":"Diya Kumari","mla_party":"BJP","lok_sabha":"Jaipur","mp":"Manju Sharma","mp_party":"BJP","centroid_lat":26.986144,"centroid_lng":75.768721,"parshad":"","parshad_party":"","total_reports":0,"open_reports":0}},{"type":"Feature","geometry":{"type":"Polygon","coordinates":[[[75.7878114315789,27.0041096800361],[75.7876520336166,27.0007776393419],[75.7875907271917,26.999422945857],[75.789172443913,26.9974127249843],[75.7919067287883,26.9979917600378],[75.7932800022278,26.9980463854245],[75.7954502645806,26.9979480587487],[75.7957567985016,26.9954352444889],[75.7953153897272,26.9944301029049],[75.7963943894526,26.9934686545846],[75.7969584128734,26.992507198046],[75.7968480602306,26.992048318492],[75.7975714816138,26.9912070336475],[75.797698799839,26.9893918079817],[75.7972431410892,26.9890972348578],[75.7966305736088,26.9884651914151],[75.7961469682705,26.9882353561917],[75.7955634298485,26.988014360311],[75.7956584805887,26.9879434800946],[75.7949356628734,26.9878262986192],[75.7941833031617,26.9869940382281],[75.7933790576575,26.9867628535601],[75.792445094528,26.9861155346031],[75.7915111305001,26.9861155346031],[75.7896172608957,26.9839886020945],[75.7887092411115,26.9832487898849],[75.7876715046004,26.9809830856879],[75.7878012213274,26.9785323736162],[75.7880347123343,26.977422600076],[75.7888908454276,26.97520302017],[75.7900874022844,26.9742409600246],[75.7912776403915,26.9732839730329],[75.7951172662913,26.9727753043359],[75.7968035891325,26.9722666333406],[75.7978153822982,26.971711717052],[75.7987752887732,26.9700238299291],[75.7991644407509,26.9687983612647],[75.7987155418237,26.9662911258466],[75.7933799757357,26.9634594169422],[75.7929472240257,26.9639964799305],[75.7925309051972,26.964518893937],[75.792114587267,26.964972952112],[75.7917092242916,26.9653684208246],[75.7915722779232,26.965431891625],[75.791440808583,26.965427009257],[75.7910409235343,26.9653000684156],[75.7905261268928,26.9649364038546],[75.7884575367621,26.9659999062172],[75.7847409288523,26.9677804566259],[75.7838588946344,26.9662485123315],[75.7837608902335,26.966060377441],[75.7837005800403,26.9659125572354],[75.7834141072962,26.9649181233162],[75.7833161037937,26.9646090406931],[75.7829240879868,26.9638900848584],[75.7807076935509,26.9648845278552],[75.7797199249291,26.9632344899842],[75.7753842538211,26.965333004016],[75.7725654114264,26.9665776449512],[75.7727346836703,26.9674482210528],[75.7727901779953,26.9678466121923],[75.7727902291993,26.9684295743655],[75.7727682788653,26.9687917769101],[75.7727759953936,26.9690300191743],[75.7726192824957,26.9715237818338],[75.7725449280413,26.9729551274157],[75.7725151866188,26.9746117541705],[75.7725151866188,26.9750888580326],[75.7726044117845,26.9756189709745],[75.7739901870777,26.9786355406169],[75.7743496712948,26.9793872321161],[75.7745130613703,26.9798240553677],[75.7746356041515,26.9802244753257],[75.7747009601816,26.9805666519651],[75.7747122079873,26.9806769139086],[75.7746826570077,26.9817857539589],[75.7744477053401,26.9827725699709],[75.7742843152647,26.9834277853031],[75.7739330272762,26.9845707626146],[75.773783826989,26.9850740914313],[75.7735817392877,26.9859175674911],[75.7733513573499,26.9869500917164],[75.7731917428936,26.9879613918703],[75.7730813174873,26.9892098522645],[75.7728074588864,26.9907472538636],[75.7723282049874,26.9924188490489],[75.7708119152632,26.9977831410184],[75.7706225369265,26.9985073231884],[75.7722071848507,26.998803746237],[75.7726719983315,26.9990317613416],[75.7743166339537,27.0001546628728],[75.7792318765235,27.00347137154],[75.7794317085551,27.0032509882729],[75.7828933674007,27.0056021495794],[75.7843659873241,27.0041970762072],[75.7878114315789,27.0041096800361]]]},"properties":{"ward_number":8,"vidhansabha":"Vidyadhar Nagar","vidhansabha_hi":"\u0935\u093f\u0926\u094d\u092f\u093e\u0927\u0930 \u0928\u0917\u0930","mla":"Diya Kumari","mla_party":"BJP","lok_sabha":"Jaipur","mp":"Manju Sharma","mp_party":"BJP","centroid_lat":26.981185,"centroid_lng":75.784612,"parshad":"","parshad_party":"","total_reports":0,"open_reports":0}},{"type":"Feature","geometry":{"type":"Polygon","coordinates":[[[75.7490406604476,26.9860073432897],[75.7519608337046,26.9851850782232],[75.7524532263629,26.9869840720358],[75.7533722388312,26.9867529353773],[75.7600589735144,26.9849845662488],[75.7591390160185,26.9836596900876],[75.7589779400032,26.9834265452934],[75.7574329329359,26.9811345469715],[75.7543329160607,26.9765355700946],[75.7516248700766,26.9725179404547],[75.7485998445613,26.9768597907707],[75.7396192456304,26.9897487831942],[75.7401554509218,26.9900952942623],[75.7408004853133,26.9902840277612],[75.7423312406086,26.9898379291622],[75.7437801620764,26.9893360657235],[75.7468427847813,26.988390830163],[75.7494963218923,26.9877234578395],[75.7490406604476,26.9860073432897]]]},"properties":{"ward_number":9,"vidhansabha":"Vidyadhar Nagar","vidhansabha_hi":"\u0935\u093f\u0926\u094d\u092f\u093e\u0927\u0930 \u0928\u0917\u0930","mla":"Diya Kumari","mla_party":"BJP","lok_sabha":"Jaipur","mp":"Manju Sharma","mp_party":"BJP","centroid_lat":26.985025,"centroid_lng":75.749951,"parshad":"","parshad_party":"","total_reports":0,"open_reports":0}},{"type":"Feature","geometry":{"type":"Polygon","coordinates":[[[75.7629665766457,26.9831642281037],[75.76332536916,26.982877168429],[75.7640650707111,26.9828809565209],[75.7650756026422,26.9828764087292],[75.7661831041149,26.9827899942482],[75.7661728965583,26.9819713296846],[75.7670099018243,26.9819167517285],[75.7669741767238,26.9822396704499],[75.7670150060517,26.9825898766692],[75.7673977826859,26.9826126172847],[75.7677652493327,26.982658098502],[75.7682756181782,26.9826671949033],[75.7697965189548,26.9824670771059],[75.7709295388698,26.9823488260223],[75.7714909454982,26.9822987960646],[75.7722513954374,26.9821896412441],[75.7746826570077,26.9817857539589],[75.7747122079873,26.9806769139086],[75.7747009601816,26.9805666519651],[75.7746356041515,26.9802244753257],[75.7745130613703,26.9798240553677],[75.7743496712948,26.9793872321161],[75.7739901870777,26.9786355406169],[75.7697351801906,26.9789856836],[75.7684037466838,26.979095246608],[75.7675544497697,26.9792264052182],[75.7667500407722,26.9793385065417],[75.7656673229198,26.9793854701023],[75.7625027989224,26.9802462293468],[75.7622624034641,26.9803160873129],[75.761577503637,26.9797831873675],[75.7613823114038,26.9796302264367],[75.7612434974379,26.9798163356798],[75.7609659557444,26.979843880145],[75.761148396392,26.9807162837702],[75.7610921070581,26.9807558857751],[75.7605202045139,26.9808464918501],[75.7596305795318,26.9809257710052],[75.7584232312135,26.9810616786844],[75.7574329329359,26.9811345469715],[75.7589779400032,26.9834265452934],[75.7591390160185,26.9836596900876],[75.7600589735144,26.9849845662488],[75.7611771182267,26.9846280970548],[75.7614043515693,26.9845184129518],[75.7626771223931,26.9834151370437],[75.7629665766457,26.9831642281037]]]},"properties":{"ward_number":10,"vidhansabha":"Vidyadhar Nagar","vidhansabha_hi":"\u0935\u093f\u0926\u094d\u092f\u093e\u0927\u0930 \u0928\u0917\u0930","mla":"Diya Kumari","mla_party":"BJP","lok_sabha":"Jaipur","mp":"Manju Sharma","mp_party":"BJP","centroid_lat":26.981501,"centroid_lng":75.765765,"parshad":"","parshad_party":"","total_reports":0,"open_reports":0}},{"type":"Feature","geometry":{"type":"Polygon","coordinates":[[[75.7655044511723,26.9745316395598],[75.7623558785593,26.9745316395598],[75.7602964287867,26.9745540223404],[75.7603020818848,26.9756299268873],[75.7597020225464,26.9756308011187],[75.7593984306079,26.9757013112179],[75.758679010321,26.9758620078552],[75.7579264709463,26.9760128651912],[75.7570451347193,26.9762457107181],[75.7563643536678,26.9762981827138],[75.7557755699828,26.9763260586768],[75.7553266216482,26.9763342573468],[75.7550690288422,26.9763736111149],[75.7545943222151,26.9764539589823],[75.7543329160607,26.9765355700946],[75.7574329329359,26.9811345469715],[75.7584232312135,26.9810616786844],[75.7596305795318,26.9809257710052],[75.7605202045139,26.9808464918501],[75.7610921070581,26.9807558857751],[75.761148396392,26.9807162837702],[75.7609659557444,26.979843880145],[75.7612434974379,26.9798163356798],[75.7613823114038,26.9796302264367],[75.761577503637,26.9797831873675],[75.7622624034641,26.9803160873129],[75.7625027989224,26.9802462293468],[75.7656673229198,26.9793854701023],[75.7667500407722,26.9793385065417],[75.7675544497697,26.9792264052182],[75.7684037466838,26.979095246608],[75.7697351801906,26.9789856836],[75.7697642137406,26.978691373035],[75.7698864070771,26.9781313344089],[75.7700173293432,26.9776646331583],[75.7702966290398,26.97697235718],[75.7703402700946,26.9767778964917],[75.7702617169146,26.9764745376916],[75.7691357883004,26.9765912138189],[75.7679749466627,26.9768556806472],[75.7675298116765,26.976917908093],[75.7671719587999,26.9767545606742],[75.7671632307686,26.9762645193972],[75.7654961579256,26.9762878545157],[75.7655044511723,26.9745316395598]]]},"properties":{"ward_number":11,"vidhansabha":"Vidyadhar Nagar","vidhansabha_hi":"\u0935\u093f\u0926\u094d\u092f\u093e\u0927\u0930 \u0928\u0917\u0930","mla":"Diya Kumari","mla_party":"BJP","lok_sabha":"Jaipur","mp":"Manju Sharma","mp_party":"BJP","centroid_lat":26.977712,"centroid_lng":75.762878,"parshad":"","parshad_party":"","total_reports":0,"open_reports":0}},{"type":"Feature","geometry":{"type":"Polygon","coordinates":[[[75.7468601096898,26.9728824195569],[75.746794805762,26.9712566644718],[75.7440205943656,26.9713677561588],[75.743789090432,26.971219896485],[75.740358983114,26.9718863675219],[75.7407762469703,26.9724021079422],[75.7410437203461,26.9724018597558],[75.7410849925435,26.9731731810583],[75.7412376845823,26.9741013277752],[75.7406221760176,26.9742592430524],[75.7396083993716,26.974479727151],[75.7395973303307,26.9749680541441],[75.7399779159739,26.9766522437568],[75.7404823029379,26.9786666318368],[75.7403955526309,26.9791380049641],[75.7407390872602,26.980523446648],[75.7417622800469,26.9853069550352],[75.7394315210922,26.9863302862951],[75.7385181284844,26.9867313130954],[75.739323247151,26.988240058261],[75.7395550780713,26.9894217187236],[75.7396192456304,26.9897487831942],[75.7485998445613,26.9768597907707],[75.7474611481919,26.9761344325072],[75.7464012978534,26.9751701803242],[75.746190243169,26.9743446593462],[75.7459851550947,26.9733017550439],[75.7468330353655,26.9732492079966],[75.7468601096898,26.9728824195569]]]},"properties":{"ward_number":12,"vidhansabha":"Vidyadhar Nagar","vidhansabha_hi":"\u0935\u093f\u0926\u094d\u092f\u093e\u0927\u0930 \u0928\u0917\u0930","mla":"Diya Kumari","mla_party":"BJP","lok_sabha":"Jaipur","mp":"Manju Sharma","mp_party":"BJP","centroid_lat":26.977141,"centroid_lng":75.742549,"parshad":"","parshad_party":"","total_reports":0,"open_reports":0}},{"type":"Feature","geometry":{"type":"Polygon","coordinates":[[[75.7410849925435,26.9731731810583],[75.7410437203461,26.9724018597558],[75.7407762469703,26.9724021079422],[75.740358983114,26.9718863675219],[75.743789090432,26.971219896485],[75.7440205943656,26.9713677561588],[75.746794805762,26.9712566644718],[75.7506153559367,26.9710695843468],[75.7500119961879,26.9703526016449],[75.7479146042726,26.9687137670104],[75.7420399753524,26.9640661342038],[75.7411214434828,26.9648569012656],[75.7410170646367,26.9650894784268],[75.7409126857906,26.965368571347],[75.7408291828933,26.9657127835549],[75.7409126857906,26.9662337524422],[75.7408500588422,26.9665686601402],[75.7407456799961,26.9668105372137],[75.7405891126252,26.9669128694806],[75.7394059316831,26.967183836208],[75.7386442456621,26.9671909779008],[75.7379565457862,26.9672564052332],[75.7378591944605,26.9675837478889],[75.7378461895502,26.9678619691428],[75.7380845790704,26.9685356424955],[75.7378217751374,26.9686197236811],[75.7381540565711,26.9701658098411],[75.738401784977,26.971241884423],[75.738460578814,26.9714972713188],[75.7385195639922,26.972983557419],[75.7396083993716,26.9744679096953],[75.7396083993716,26.974479727151],[75.7406221760176,26.9742592430524],[75.7412376845823,26.9741013277752],[75.7410849925435,26.9731731810583]]]},"properties":{"ward_number":13,"vidhansabha":"Vidyadhar Nagar","vidhansabha_hi":"\u0935\u093f\u0926\u094d\u092f\u093e\u0927\u0930 \u0928\u0917\u0930","mla":"Diya Kumari","mla_party":"BJP","lok_sabha":"Jaipur","mp":"Manju Sharma","mp_party":"BJP","centroid_lat":26.969602,"centroid_lng":75.741107,"parshad":"","parshad_party":"","total_reports":0,"open_reports":0}},{"type":"Feature","geometry":{"type":"Polygon","coordinates":[[[75.746794805762,26.9712566644718],[75.7468601096898,26.9728824195569],[75.7468330353655,26.9732492079966],[75.7459851550947,26.9733017550439],[75.746190243169,26.9743446593462],[75.7464012978534,26.9751701803242],[75.7474611481919,26.9761344325072],[75.7485998445613,26.9768597907707],[75.7516248700766,26.9725179404547],[75.7530934736322,26.9703345733791],[75.7545662076417,26.9682685436646],[75.7552388643298,26.9672558824168],[75.7562954376141,26.9654784422469],[75.7566637244228,26.9647037903477],[75.7554840388253,26.9645707893206],[75.7505875126544,26.9653529434364],[75.7496890581315,26.9645789888467],[75.7473402232766,26.9625851749594],[75.7466691269621,26.9623259766656],[75.7460875109348,26.9613290545923],[75.7438281554688,26.9628244343934],[75.7420399753524,26.9640661342038],[75.7479146042726,26.9687137670104],[75.7500119961879,26.9703526016449],[75.7506153559367,26.9710695843468],[75.746794805762,26.9712566644718]]]},"properties":{"ward_number":14,"vidhansabha":"Vidyadhar Nagar","vidhansabha_hi":"\u0935\u093f\u0926\u094d\u092f\u093e\u0927\u0930 \u0928\u0917\u0930","mla":"Diya Kumari","mla_party":"BJP","lok_sabha":"Jaipur","mp":"Manju Sharma","mp_party":"BJP","centroid_lat":26.968876,"centroid_lng":75.749218,"parshad":"","parshad_party":"","total_reports":0,"open_reports":0}},{"type":"Feature","geometry":{"type":"Polygon","coordinates":[[[75.7594927123902,26.9631486192906],[75.7592334577009,26.9621737734739],[75.7574392777368,26.9630724822462],[75.7566637244228,26.9647037903477],[75.7562954376141,26.9654784422469],[75.7552388643298,26.9672558824168],[75.7545662076417,26.9682685436646],[75.7530934736322,26.9703345733791],[75.7516248700766,26.9725179404547],[75.7543329160607,26.9765355700946],[75.7545943222151,26.9764539589823],[75.7550690288422,26.9763736111149],[75.7553266216482,26.9763342573468],[75.7557755699828,26.9763260586768],[75.7563643536678,26.9762981827138],[75.7570451347193,26.9762457107181],[75.7579264709463,26.9760128651912],[75.758679010321,26.9758620078552],[75.7593984306079,26.9757013112179],[75.7597020225464,26.9756308011187],[75.7603020818848,26.9756299268873],[75.760271644268,26.9698371264487],[75.7602199543083,26.9692934469428],[75.7602139463757,26.9692302601384],[75.7599869546798,26.9683726544065],[75.7596514024801,26.9673083337828],[75.7594836259311,26.966543073201],[75.7593163515404,26.9657178236383],[75.7598788316555,26.9655616730232],[75.7604044269451,26.965383605973],[75.7599545102267,26.9643978537225],[75.7596952555373,26.9639140478583],[75.7594927123902,26.9631486192906]]]},"properties":{"ward_number":15,"vidhansabha":"Vidyadhar Nagar","vidhansabha_hi":"\u0935\u093f\u0926\u094d\u092f\u093e\u0927\u0930 \u0928\u0917\u0930","mla":"Diya Kumari","mla_party":"BJP","lok_sabha":"Jaipur","mp":"Manju Sharma","mp_party":"BJP","centroid_lat":26.969972,"centroid_lng":75.75778,"parshad":"","parshad_party":"","total_reports":0,"open_reports":0}},{"type":"Feature","geometry":{"type":"Polygon","coordinates":[[[75.7655044511723,26.9745316395598],[75.7655227498546,26.9706564204819],[75.7655014094767,26.970112468719],[75.7654295424574,26.9701036771389],[75.7646846989496,26.9701036771389],[75.7623339219371,26.9700768172202],[75.7602727824335,26.9700538138712],[75.7602964287867,26.9745540223404],[75.7623558785593,26.9745316395598],[75.7655044511723,26.9745316395598]]]},"properties":{"ward_number":16,"vidhansabha":"Vidyadhar Nagar","vidhansabha_hi":"\u0935\u093f\u0926\u094d\u092f\u093e\u0927\u0930 \u0928\u0917\u0930","mla":"Diya Kumari","mla_party":"BJP","lok_sabha":"Jaipur","mp":"Manju Sharma","mp_party":"BJP","centroid_lat":26.971926,"centroid_lng":75.763741,"parshad":"","parshad_party":"","total_reports":0,"open_reports":0}},{"type":"Feature","geometry":{"type":"Polygon","coordinates":[[[75.7739901870777,26.9786355406169],[75.7726044117845,26.9756189709745],[75.7725151866188,26.9750888580326],[75.7725151866188,26.9746117541705],[75.7725449280413,26.9729551274157],[75.7726192824957,26.9715237818338],[75.7727759953936,26.9690300191743],[75.7727682788653,26.9687917769101],[75.7727902291993,26.9684295743655],[75.7727901779953,26.9678466121923],[75.7727346836703,26.9674482210528],[75.7723742364592,26.9676401646473],[75.7718834149543,26.967939472832],[75.7709878808542,26.9685956455914],[75.7707553869773,26.9687759965548],[75.7706908052949,26.968898788637],[75.7704841433722,26.9689947196079],[75.7702817870747,26.9692249544052],[75.7701310964823,26.969424490475],[75.7700966523794,26.9696125140631],[75.7701244444577,26.9698640152468],[75.7701526237098,26.970119026576],[75.7701440124595,26.9706984430774],[75.7688308497873,26.9706754198402],[75.7676640720822,26.9706447219162],[75.7672206106574,26.9705794903012],[75.766897701347,26.9705065831565],[75.7660667498277,26.9702379798387],[75.7656491203572,26.9701305378518],[75.7655014094767,26.970112468719],[75.7655227498546,26.9706564204819],[75.7655044511723,26.9745316395598],[75.7654961579256,26.9762878545157],[75.7671632307686,26.9762645193972],[75.7671719587999,26.9767545606742],[75.7675298116765,26.976917908093],[75.7679749466627,26.9768556806472],[75.7691357883004,26.9765912138189],[75.7702617169146,26.9764745376916],[75.7703402700946,26.9767778964917],[75.7702966290398,26.97697235718],[75.7700173293432,26.9776646331583],[75.7698864070771,26.9781313344089],[75.7697642137406,26.978691373035],[75.7697351801906,26.9789856836],[75.7739901870777,26.9786355406169]]]},"properties":{"ward_number":17,"vidhansabha":"Vidyadhar Nagar","vidhansabha_hi":"\u0935\u093f\u0926\u094d\u092f\u093e\u0927\u0930 \u0928\u0917\u0930","mla":"Diya Kumari","mla_party":"BJP","lok_sabha":"Jaipur","mp":"Manju Sharma","mp_party":"BJP","centroid_lat":26.972605,"centroid_lng":75.769921,"parshad":"","parshad_party":"","total_reports":0,"open_reports":0}},{"type":"Feature","geometry":{"type":"Polygon","coordinates":[[[75.7725654114264,26.9665776449512],[75.7724302787565,26.9658924497781],[75.7701766275925,26.9663412629995],[75.769593876993,26.9665663318715],[75.769370489338,26.9657612764336],[75.7678747629489,26.9661508200028],[75.7673405752737,26.9648003958414],[75.7660585239547,26.9653630748768],[75.764931873095,26.9658391850951],[75.7641645851799,26.9644541303606],[75.7637955096505,26.9637442834774],[75.7635138464864,26.9630777162093],[75.7630818574461,26.9616980104671],[75.7628145466653,26.9608442531074],[75.7592334577009,26.9621737734739],[75.7594927123902,26.9631486192906],[75.7596952555373,26.9639140478583],[75.7599545102267,26.9643978537225],[75.7604044269451,26.965383605973],[75.7598788316555,26.9655616730232],[75.7593163515404,26.9657178236383],[75.7594836259311,26.966543073201],[75.7596514024801,26.9673083337828],[75.7599869546798,26.9683726544065],[75.7602139463757,26.9692302601384],[75.7602199543083,26.9692934469428],[75.760271644268,26.9698371264487],[75.7602727824335,26.9700538138712],[75.7623339219371,26.9700768172202],[75.7646846989496,26.9701036771389],[75.7654295424574,26.9701036771389],[75.7655014094767,26.970112468719],[75.7656491203572,26.9701305378518],[75.7660667498277,26.9702379798387],[75.766897701347,26.9705065831565],[75.7672206106574,26.9705794903012],[75.7676640720822,26.9706447219162],[75.7688308497873,26.9706754198402],[75.7701440124595,26.9706984430774],[75.7701526237098,26.970119026576],[75.7701244444577,26.9698640152468],[75.7700966523794,26.9696125140631],[75.7701310964823,26.969424490475],[75.7702817870747,26.9692249544052],[75.7704841433722,26.9689947196079],[75.7706908052949,26.968898788637],[75.7707553869773,26.9687759965548],[75.7709878808542,26.9685956455914],[75.7718834149543,26.967939472832],[75.7723742364592,26.9676401646473],[75.7727346836703,26.9674482210528],[75.7725654114264,26.9665776449512]]]},"properties":{"ward_number":18,"vidhansabha":"Vidyadhar Nagar","vidhansabha_hi":"\u0935\u093f\u0926\u094d\u092f\u093e\u0927\u0930 \u0928\u0917\u0930","mla":"Diya Kumari","mla_party":"BJP","lok_sabha":"Jaipur","mp":"Manju Sharma","mp_party":"BJP","centroid_lat":26.967404,"centroid_lng":75.765951,"parshad":"","parshad_party":"","total_reports":0,"open_reports":0}},{"type":"Feature","geometry":{"type":"Polygon","coordinates":[[[75.7570651860148,26.9501769314752],[75.7523551572834,26.9518250025923],[75.7493101191002,26.9528964359576],[75.7487539972606,26.9531258644887],[75.7485817731527,26.9531863410226],[75.7484408634172,26.9532747288205],[75.7482529825722,26.9534096369262],[75.7480129132024,26.9536143241155],[75.7478667842551,26.953730623562],[75.747715436096,26.9538236631929],[75.7475693071488,26.9538980953227],[75.7473240194655,26.9539864825623],[75.7463219909869,26.9542842087551],[75.745346057669,26.9545726297035],[75.7444797206123,26.9548982652418],[75.7439317366109,26.9551262099589],[75.7423347539196,26.9558053891653],[75.7409465280223,26.9564287416663],[75.7402524141753,26.9567497205016],[75.7393077943315,26.9572474678544],[75.7378204087998,26.9580103670658],[75.7357760543172,26.9591216658995],[75.7359755997863,26.9599576073615],[75.7365045242323,26.962664798452],[75.7367289162038,26.963857655655],[75.7367289162038,26.9640005120586],[75.7366567895713,26.9641219402196],[75.7364644539807,26.9642505101288],[75.7364003421172,26.9643576518746],[75.7364163698585,26.9645790785202],[75.7366635961062,26.9660633326262],[75.7367012391098,26.9673072601281],[75.7379565457862,26.9672564052332],[75.7386442456621,26.9671909779008],[75.7394059316831,26.967183836208],[75.7405891126252,26.9669128694806],[75.7407456799961,26.9668105372137],[75.7408500588422,26.9665686601402],[75.7409126857906,26.9662337524422],[75.7408291828933,26.9657127835549],[75.7409126857906,26.965368571347],[75.7410170646367,26.9650894784268],[75.7411214434828,26.9648569012656],[75.7420399753524,26.9640661342038],[75.7438281554688,26.9628244343934],[75.7460875109348,26.9613290545923],[75.7466691269621,26.9623259766656],[75.7473402232766,26.9625851749594],[75.7496890581315,26.9645789888467],[75.7505875126544,26.9653529434364],[75.7554840388253,26.9645707893206],[75.7566637244228,26.9647037903477],[75.7574392777368,26.9630724822462],[75.7580181727671,26.9619414144807],[75.7612890465144,26.95476402192],[75.7601319391734,26.9544412694183],[75.7606731965899,26.9532871642669],[75.7612736116612,26.9520602467191],[75.761771820911,26.951093448602],[75.7627916396255,26.9488435731826],[75.7632908055811,26.9478464413169],[75.7570651860148,26.9501769314752]]]},"properties":{"ward_number":19,"vidhansabha":"Vidyadhar Nagar","vidhansabha_hi":"\u0935\u093f\u0926\u094d\u092f\u093e\u0927\u0930 \u0928\u0917\u0930","mla":"Diya Kumari","mla_party":"BJP","lok_sabha":"Jaipur","mp":"Manju Sharma","mp_party":"BJP","centroid_lat":26.959345,"centroid_lng":75.746099,"parshad":"","parshad_party":"","total_reports":0,"open_reports":0}},{"type":"Feature","geometry":{"type":"Polygon","coordinates":[[[75.7724302787565,26.9658924497781],[75.7721333963349,26.9636348776725],[75.7718297010902,26.9614910552298],[75.7717264442398,26.9602729561177],[75.7717278752561,26.9571703747778],[75.7684586813584,26.9573765340425],[75.768519420048,26.9587245970768],[75.7685619373104,26.9588328746641],[75.7685983810631,26.9593580189656],[75.7679423989033,26.9594662959441],[75.7671831598932,26.9596178838594],[75.7657618652136,26.9599372994693],[75.766102004211,26.9608035071276],[75.7630818574461,26.9616980104671],[75.7635138464864,26.9630777162093],[75.7637955096505,26.9637442834774],[75.7641645851799,26.9644541303606],[75.764931873095,26.9658391850951],[75.7660585239547,26.9653630748768],[75.7673405752737,26.9648003958414],[75.7678747629489,26.9661508200028],[75.769370489338,26.9657612764336],[75.769593876993,26.9665663318715],[75.7701766275925,26.9663412629995],[75.7724302787565,26.9658924497781]]]},"properties":{"ward_number":20,"vidhansabha":"Vidyadhar Nagar","vidhansabha_hi":"\u0935\u093f\u0926\u094d\u092f\u093e\u0927\u0930 \u0928\u0917\u0930","mla":"Diya Kumari","mla_party":"BJP","lok_sabha":"Jaipur","mp":"Manju Sharma","mp_party":"BJP","centroid_lat":26.962491,"centroid_lng":75.768132,"parshad":"","parshad_party":"","total_reports":0,"open_reports":0}},{"type":"Feature","geometry":{"type":"Polygon","coordinates":[[[75.7842498153949,26.9543324166899],[75.7836262731966,26.9544673523555],[75.7835188679263,26.9544978136697],[75.7834700480839,26.954558737074],[75.7834358734755,26.9546762326328],[75.783343115236,26.9547415078903],[75.7826776001543,26.9549049248761],[75.7793028919399,26.9556965249434],[75.7760677388016,26.9572231671385],[75.7729068368114,26.9588279447689],[75.7723470085229,26.9592127097502],[75.77172693472,26.9592104726087],[75.7717264442398,26.9602729561177],[75.7718297010902,26.9614910552298],[75.7721333963349,26.9636348776725],[75.7724302787565,26.9658924497781],[75.7725654114264,26.9665776449512],[75.7753842538211,26.965333004016],[75.7797199249291,26.9632344899842],[75.7827300626653,26.9617775256948],[75.7865505113303,26.9599485699776],[75.7869247934952,26.9591530459542],[75.7866627594183,26.9587163923203],[75.7865097062569,26.958459084385],[75.7861236319073,26.9578226564],[75.7856898884572,26.9570702123914],[75.7849296702834,26.9558604714205],[75.7844352950432,26.9550622849456],[75.7843839922573,26.9549791400959],[75.7842498153949,26.9543324166899]]]},"properties":{"ward_number":21,"vidhansabha":"Vidyadhar Nagar","vidhansabha_hi":"\u0935\u093f\u0926\u094d\u092f\u093e\u0927\u0930 \u0928\u0917\u0930","mla":"Diya Kumari","mla_party":"BJP","lok_sabha":"Jaipur","mp":"Manju Sharma","mp_party":"BJP","centroid_lat":26.958399,"centroid_lng":75.780388,"parshad":"","parshad_party":"","total_reports":0,"open_reports":0}},{"type":"Feature","geometry":{"type":"Polygon","coordinates":[[[75.7905261268928,26.9649364038546],[75.7903014106295,26.9647776588334],[75.7898193575801,26.9640648331307],[75.7896604995052,26.9637133018306],[75.7896653593909,26.963516655647],[75.7903609401867,26.9601000915874],[75.7874585185381,26.9595960730068],[75.7873408212695,26.9594887385686],[75.7875603515587,26.9592637140036],[75.7869785962924,26.959038688989],[75.7865505113303,26.9599485699776],[75.7827300626653,26.9617775256948],[75.7797199249291,26.9632344899842],[75.7807076935509,26.9648845278552],[75.7829240879868,26.9638900848584],[75.7833161037937,26.9646090406931],[75.7834141072962,26.9649181233162],[75.7837005800403,26.9659125572354],[75.7837608902335,26.966060377441],[75.7838588946344,26.9662485123315],[75.7847409288523,26.9677804566259],[75.7884575367621,26.9659999062172],[75.7905261268928,26.9649364038546]]]},"properties":{"ward_number":22,"vidhansabha":"Vidyadhar Nagar","vidhansabha_hi":"\u0935\u093f\u0926\u094d\u092f\u093e\u0927\u0930 \u0928\u0917\u0930","mla":"Diya Kumari","mla_party":"BJP","lok_sabha":"Jaipur","mp":"Manju Sharma","mp_party":"BJP","centroid_lat":26.963422,"centroid_lng":75.786264,"parshad":"","parshad_party":"","total_reports":0,"open_reports":0}},{"type":"Feature","geometry":{"type":"Polygon","coordinates":[[[75.7928928130689,26.9560535461585],[75.7914925497468,26.958204393357],[75.7912470123319,26.9583635608043],[75.790967993808,26.9584331969421],[75.7886688771109,26.9587117402624],[75.7882001245175,26.9588311155314],[75.7875603515587,26.9592637140036],[75.7873408212695,26.9594887385686],[75.7874585185381,26.9595960730068],[75.7903609401867,26.9601000915874],[75.7896653593909,26.963516655647],[75.7896604995052,26.9637133018306],[75.7898193575801,26.9640648331307],[75.7903014106295,26.9647776588334],[75.7910409235343,26.9653000684156],[75.791440808583,26.965427009257],[75.7915722779232,26.965431891625],[75.7917092242916,26.9653684208246],[75.792114587267,26.964972952112],[75.7925309051972,26.964518893937],[75.7929472240257,26.9639964799305],[75.7933799757357,26.9634594169422],[75.7987155418237,26.9662911258466],[75.7985434318017,26.9653298262305],[75.7984021160278,26.9649459980936],[75.7975559479459,26.9626476961318],[75.7981526466868,26.9621389801865],[75.798204534276,26.9614683952196],[75.7981043846982,26.9611750989642],[75.7980229299598,26.9609365494349],[75.7978932132328,26.9596184859798],[75.7975559479459,26.9590866314606],[75.7966998157509,26.9585316502241],[75.7960252860754,26.9583466556042],[75.7942351898525,26.9587397687084],[75.7940016997439,26.9580229148888],[75.7936384911116,26.9573754306669],[75.793181445363,26.9562890633088],[75.7928928130689,26.9560535461585]]]},"properties":{"ward_number":23,"vidhansabha":"Jhotwara","vidhansabha_hi":"\u091d\u094b\u091f\u0935\u093e\u0921\u093c\u093e","mla":"Rajyavardhan Singh Rathore","mla_party":"BJP","lok_sabha":"Jaipur Rural","mp":"Rao Rajendra Singh","mp_party":"BJP","centroid_lat":26.961246,"centroid_lng":75.793185,"parshad":"","parshad_party":"","total_reports":0,"open_reports":0}},{"type":"Feature","geometry":{"type":"Polygon","coordinates":[[[75.7875603515587,26.9592637140036],[75.7882001245175,26.9588311155314],[75.7886688771109,26.9587117402624],[75.790967993808,26.9584331969421],[75.7912470123319,26.9583635608043],[75.7914925497468,26.958204393357],[75.7928928130689,26.9560535461585],[75.7921695947051,26.9554634151248],[75.7912216645695,26.9547013041975],[75.7907384059809,26.954436220823],[75.7896172608957,26.9538835748356],[75.7893350982683,26.9535995481573],[75.7893165112267,26.9533924499244],[75.789513487514,26.9529123106227],[75.7899285819388,26.952241671533],[75.7900582995642,26.951709782189],[75.7900323562187,26.950923506351],[75.7897988652118,26.9502066027994],[75.7895394308594,26.9498828386944],[75.7890205621547,26.9495821997067],[75.7889757946125,26.949562656275],[75.7879593275123,26.9502048987845],[75.7876873410005,26.9503648118277],[75.7875079456416,26.950437030547],[75.7867382825809,26.9507259049614],[75.7864778699632,26.9508651834324],[75.7862579659749,26.9510096201834],[75.7858470927336,26.9513346013955],[75.7853436292377,26.9517988597881],[75.784892247367,26.9521444731272],[75.7844478786437,26.9524198586503],[75.7841216868893,26.9526680479231],[75.7840368230444,26.952744620396],[75.7840050029204,26.9527707453645],[75.7839865802706,26.9528028422494],[75.7839798806352,26.9528349383244],[75.7839959631737,26.9529367331802],[75.78414512663,26.95375174772],[75.7841705534441,26.953950379951],[75.7842498153949,26.9543324166899],[75.7843839922573,26.9549791400959],[75.7844352950432,26.9550622849456],[75.7849296702834,26.9558604714205],[75.7856898884572,26.9570702123914],[75.7861236319073,26.9578226564],[75.7865097062569,26.958459084385],[75.7866627594183,26.9587163923203],[75.7869247934952,26.9591530459542],[75.7869785962924,26.959038688989],[75.7875603515587,26.9592637140036]]]},"properties":{"ward_number":24,"vidhansabha":"Jhotwara","vidhansabha_hi":"\u091d\u094b\u091f\u0935\u093e\u0921\u093c\u093e","mla":"Rajyavardhan Singh Rathore","mla_party":"BJP","lok_sabha":"Jaipur Rural","mp":"Rao Rajendra Singh","mp_party":"BJP","centroid_lat":26.954118,"centroid_lng":75.787407,"parshad":"","parshad_party":"","total_reports":0,"open_reports":0}},{"type":"Feature","geometry":{"type":"Polygon","coordinates":[[[75.7592334577009,26.9621737734739],[75.7628145466653,26.9608442531074],[75.7630818574461,26.9616980104671],[75.766102004211,26.9608035071276],[75.7657618652136,26.9599372994693],[75.7671831598932,26.9596178838594],[75.7679423989033,26.9594662959441],[75.7685983810631,26.9593580189656],[75.7685619373104,26.9588328746641],[75.768519420048,26.9587245970768],[75.7684586813584,26.9573765340425],[75.7717278752561,26.9571703747778],[75.7716796959124,26.9512761209416],[75.7717159707819,26.9510538161458],[75.7718111922021,26.9508153428771],[75.7719472240855,26.9506092044379],[75.7721422016213,26.9503060594134],[75.772396126606,26.9499059070207],[75.7727395543358,26.9494335667224],[75.7728889693204,26.9491871664441],[75.7730383834066,26.9488874897256],[75.773180327103,26.9485145577099],[75.7732998596297,26.9481149859232],[75.7733372124775,26.9479018806045],[75.7735278852864,26.9456383720604],[75.7736360424466,26.9433266767092],[75.7737256907187,26.941675029788],[75.7737885260762,26.9400646447148],[75.7732736755357,26.9400529766072],[75.7727771111012,26.9401149513026],[75.7720620584232,26.9402920220163],[75.7695196474044,26.941035716938],[75.767556029008,26.9417245740781],[75.7674544591938,26.9419109381576],[75.7673565491161,26.9420905870823],[75.7665770306384,26.9436563383608],[75.7657277480974,26.9451768774571],[75.7648379730967,26.9470160482998],[75.7625412090873,26.9520668016234],[75.7618114159538,26.9535142346375],[75.7615810007784,26.9540655163885],[75.7612890465144,26.95476402192],[75.7580181727671,26.9619414144807],[75.7574392777368,26.9630724822462],[75.7592334577009,26.9621737734739]]]},"properties":{"ward_number":25,"vidhansabha":"Jhotwara","vidhansabha_hi":"\u091d\u094b\u091f\u0935\u093e\u0921\u093c\u093e","mla":"Rajyavardhan Singh Rathore","mla_party":"BJP","lok_sabha":"Jaipur Rural","mp":"Rao Rajendra Singh","mp_party":"BJP","centroid_lat":26.951275,"centroid_lng":75.768264,"parshad":"","parshad_party":"","total_reports":0,"open_reports":0}},{"type":"Feature","geometry":{"type":"Polygon","coordinates":[[[75.78414512663,26.95375174772],[75.7839959631737,26.9529367331802],[75.7833838762919,26.9524056390521],[75.7815684466798,26.9527744471886],[75.7815177834944,26.9525411199284],[75.7778695194114,26.9534589022065],[75.7777425659022,26.9526007503919],[75.777447716368,26.9502592030379],[75.7758645452742,26.9501772998244],[75.7730359525655,26.9500669047171],[75.773040905876,26.9504422458789],[75.7730062300077,26.9505658875316],[75.7729418306833,26.9506453713795],[75.7727783570645,26.9507381020641],[75.7725851608879,26.9508308334732],[75.771699793022,26.9511529605195],[75.7716796959124,26.9512761209416],[75.7717278752561,26.9571703747778],[75.77172693472,26.9592104726087],[75.7723470085229,26.9592127097502],[75.7729068368114,26.9588279447689],[75.7760677388016,26.9572231671385],[75.7789848874311,26.9558465893591],[75.7793028919399,26.9556965249434],[75.7826776001543,26.9549049248761],[75.783343115236,26.9547415078903],[75.7834358734755,26.9546762326328],[75.7834700480839,26.954558737074],[75.7835188679263,26.9544978136697],[75.7836262731966,26.9544673523555],[75.7842498153949,26.9543324166899],[75.7841705534441,26.953950379951],[75.78414512663,26.95375174772]]]},"properties":{"ward_number":26,"vidhansabha":"Jhotwara","vidhansabha_hi":"\u091d\u094b\u091f\u0935\u093e\u0921\u093c\u093e","mla":"Rajyavardhan Singh Rathore","mla_party":"BJP","lok_sabha":"Jaipur Rural","mp":"Rao Rajendra Singh","mp_party":"BJP","centroid_lat":26.953627,"centroid_lng":75.778182,"parshad":"","parshad_party":"","total_reports":0,"open_reports":0}},{"type":"Feature","geometry":{"type":"Polygon","coordinates":[[[75.7778695194114,26.9534589022065],[75.7815177834944,26.9525411199284],[75.7815684466798,26.9527744471886],[75.7833838762919,26.9524056390521],[75.7839959631737,26.9529367331802],[75.7839798806352,26.9528349383244],[75.7839865802706,26.9528028422494],[75.7840050029204,26.9527707453645],[75.7840368230444,26.952744620396],[75.7841216868893,26.9526680479231],[75.7844478786437,26.9524198586503],[75.784892247367,26.9521444731272],[75.7853436292377,26.9517988597881],[75.7858470927336,26.9513346013955],[75.7862579659749,26.9510096201834],[75.7864778699632,26.9508651834324],[75.7867382825809,26.9507259049614],[75.7875079456416,26.950437030547],[75.7876873410005,26.9503648118277],[75.7879593275123,26.9502048987845],[75.7889757946125,26.949562656275],[75.7885427949675,26.9491885990148],[75.7884766466232,26.9492150539225],[75.7868685356022,26.9498581824535],[75.7866784844274,26.9498501155831],[75.7865608338713,26.9498017119462],[75.7861173814296,26.9494306175071],[75.7857644297612,26.9490917919528],[75.7854386278756,26.9487126282241],[75.7847598743217,26.9489788493411],[75.7846241236109,26.948914310655],[75.7842168714785,26.948865907417],[75.7835109672434,26.9489062437171],[75.783357116378,26.9487287629279],[75.7832847157593,26.948591618272],[75.7832666156047,26.9484141361865],[75.7832394658218,26.9482285876359],[75.7832575659765,26.9480027013701],[75.7832756661311,26.9478252183572],[75.7832847157593,26.9476396680362],[75.7832714961516,26.9475767021113],[75.7832456516209,26.9475037480462],[75.7831939634577,26.9474000760617],[75.7831293530292,26.9473309624201],[75.7830475129136,26.947258008196],[75.782931214322,26.9472119321146],[75.7822032699214,26.9469738703258],[75.7811630846028,26.9466470539537],[75.7806360996194,26.9460564844738],[75.7803650787965,26.9452645804518],[75.7804253054464,26.9446740037284],[75.7807121995004,26.9442716811881],[75.7825609781692,26.9416790410929],[75.7830588307879,26.9406477250226],[75.7820943150572,26.9391965590358],[75.78098396323,26.9387790434308],[75.7794452838956,26.9389207047458],[75.7780414857028,26.939037394948],[75.7738601640252,26.9392574530724],[75.7737885260762,26.9400646447148],[75.7737256907187,26.941675029788],[75.7736360424466,26.9433266767092],[75.7735278852864,26.9456383720604],[75.7733372124775,26.9479018806045],[75.7732998596297,26.9481149859232],[75.773180327103,26.9485145577099],[75.7730383834066,26.9488874897256],[75.7728889693204,26.9491871664441],[75.7727395543358,26.9494335667224],[75.772396126606,26.9499059070207],[75.7721422016213,26.9503060594134],[75.7719472240855,26.9506092044379],[75.7718111922021,26.9508153428771],[75.7717159707819,26.9510538161458],[75.771699793022,26.9511529605195],[75.7725851608879,26.9508308334732],[75.7727783570645,26.9507381020641],[75.7729418306833,26.9506453713795],[75.7730062300077,26.9505658875316],[75.773040905876,26.9504422458789],[75.7730359525655,26.9500669047171],[75.7758645452742,26.9501772998244],[75.777447716368,26.9502592030379],[75.7777425659022,26.9526007503919],[75.7778695194114,26.9534589022065]]]},"properties":{"ward_number":27,"vidhansabha":"Jhotwara","vidhansabha_hi":"\u091d\u094b\u091f\u0935\u093e\u0921\u093c\u093e","mla":"Rajyavardhan Singh Rathore","mla_party":"BJP","lok_sabha":"Jaipur Rural","mp":"Rao Rajendra Singh","mp_party":"BJP","centroid_lat":26.948578,"centroid_lng":75.780596,"parshad":"","parshad_party":"","total_reports":0,"open_reports":0}},{"type":"Feature","geometry":{"type":"Polygon","coordinates":[[[75.7500624788119,26.9526317102721],[75.7496225720207,26.9503487686445],[75.7455568599268,26.9517040936735],[75.7416318060401,26.9529698461559],[75.7395219221525,26.9536564507594],[75.7392205104252,26.95274893719],[75.7388186275233,26.9526235571201],[75.738590893819,26.9520205337276],[75.7379679759499,26.9520921796535],[75.7380617483874,26.9524205593006],[75.7363068607338,26.9529041703029],[75.736146108112,26.9524145889593],[75.7330977470606,26.9530068098758],[75.7332225571896,26.954188320505],[75.7334022849251,26.9556759192159],[75.7334793109691,26.9561565239678],[75.7336076883081,26.9564769254629],[75.7339414690299,26.9570261837351],[75.7354530075647,26.9585874237513],[75.7357351791752,26.9589504298211],[75.7357760543172,26.9591216658995],[75.7378204087998,26.9580103670658],[75.7393077943315,26.9572474678544],[75.7402524141753,26.9567497205016],[75.7409465280223,26.9564287416663],[75.7423347539196,26.9558053891653],[75.7439317366109,26.9551262099589],[75.7444797206123,26.9548982652418],[75.745346057669,26.9545726297035],[75.7463219909869,26.9542842087551],[75.7473240194655,26.9539864825623],[75.7475693071488,26.9538980953227],[75.747715436096,26.9538236631929],[75.7478667842551,26.953730623562],[75.7480129132024,26.9536143241155],[75.7482529825722,26.9534096369262],[75.7484408634172,26.9532747288205],[75.7485817731527,26.9531863410226],[75.7487539972606,26.9531258644887],[75.7493101191002,26.9528964359576],[75.7500624788119,26.9526317102721]]]},"properties":{"ward_number":28,"vidhansabha":"Jhotwara","vidhansabha_hi":"\u091d\u094b\u091f\u0935\u093e\u0921\u093c\u093e","mla":"Rajyavardhan Singh Rathore","mla_party":"BJP","lok_sabha":"Jaipur Rural","mp":"Rao Rajendra Singh","mp_party":"BJP","centroid_lat":26.954352,"centroid_lng":75.741753,"parshad":"","parshad_party":"","total_reports":0,"open_reports":0}},{"type":"Feature","geometry":{"type":"Polygon","coordinates":[[[75.7470931955566,26.9471542254777],[75.7463640141759,26.9473315005438],[75.7444273667976,26.9477493920683],[75.7445810685427,26.9486947790701],[75.7445195878446,26.9488180903209],[75.7444504220593,26.9489208489263],[75.7443735702884,26.94896880291],[75.7442506088924,26.9490236074379],[75.7423677571248,26.949352435647],[75.7404695342845,26.949701813667],[75.7388172360329,26.9499552835371],[75.7378412263582,26.9501333973969],[75.7365040175825,26.9503731653325],[75.7348132929963,26.9506471850913],[75.732878503334,26.9509313249109],[75.7330977470606,26.9530068098758],[75.736146108112,26.9524145889593],[75.7363068607338,26.9529041703029],[75.7380617483874,26.9524205593006],[75.7379679759499,26.9520921796535],[75.738590893819,26.9520205337276],[75.7388186275233,26.9526235571201],[75.7392205104252,26.95274893719],[75.7395219221525,26.9536564507594],[75.7416318060401,26.9529698461559],[75.7455568599268,26.9517040936735],[75.7496225720207,26.9503487686445],[75.7490951360831,26.9499153103572],[75.7474686410397,26.9489163390006],[75.747355265566,26.948826937214],[75.7473116604438,26.9487103244101],[75.7472724148457,26.948539293521],[75.7472506118354,26.9478473910368],[75.7470979916619,26.9471982435774],[75.7470931955566,26.9471542254777]]]},"properties":{"ward_number":29,"vidhansabha":"Jhotwara","vidhansabha_hi":"\u091d\u094b\u091f\u0935\u093e\u0921\u093c\u093e","mla":"Rajyavardhan Singh Rathore","mla_party":"BJP","lok_sabha":"Jaipur Rural","mp":"Rao Rajendra Singh","mp_party":"BJP","centroid_lat":26.950108,"centroid_lng":75.742235,"parshad":"","parshad_party":"","total_reports":0,"open_reports":0}},{"type":"Feature","geometry":{"type":"Polygon","coordinates":[[[75.7575020762633,26.9444594464601],[75.7569417718678,26.9447187194908],[75.7565142923702,26.9449838137123],[75.7559257341623,26.9452654765404],[75.7557027013419,26.9453593631925],[75.7554610823782,26.9454035461557],[75.7550893613103,26.9454587736342],[75.7547733977738,26.9454919104286],[75.7545503649533,26.9455747515712],[75.7542344023151,26.9457017754993],[75.753924634459,26.9457570028316],[75.753398029463,26.9457956625888],[75.7524687258949,26.9459061171344],[75.7515208370818,26.9460552320408],[75.7509818416231,26.9461270275025],[75.7500463423744,26.946165686332],[75.7489373739528,26.946165686332],[75.7474938567497,26.9462098681784],[75.7469874261184,26.9461835062574],[75.7470979916619,26.9471982435774],[75.7472506118354,26.9478473910368],[75.7472724148457,26.948539293521],[75.7473116604438,26.9487103244101],[75.747355265566,26.948826937214],[75.7474686410397,26.9489163390006],[75.7490951360831,26.9499153103572],[75.7496225720207,26.9503487686445],[75.7500624788119,26.9526317102721],[75.7523551572834,26.9518250025923],[75.7570651860148,26.9501769314752],[75.7569619031133,26.9480610417856],[75.7575636449963,26.9468118768414],[75.7576131035409,26.9463893621063],[75.7576131035409,26.9462166820773],[75.7577449914959,26.9458786684708],[75.7577697212174,26.94570231283],[75.757761477378,26.9455810690177],[75.7576955338497,26.9453349053596],[75.7575512805847,26.9446772429571],[75.7575020762633,26.9444594464601]]]},"properties":{"ward_number":30,"vidhansabha":"Jhotwara","vidhansabha_hi":"\u091d\u094b\u091f\u0935\u093e\u0921\u093c\u093e","mla":"Rajyavardhan Singh Rathore","mla_party":"BJP","lok_sabha":"Jaipur Rural","mp":"Rao Rajendra Singh","mp_party":"BJP","centroid_lat":26.946771,"centroid_lng":75.753255,"parshad":"","parshad_party":"","total_reports":0,"open_reports":0}},{"type":"Feature","geometry":{"type":"Polygon","coordinates":[[[75.7625412090873,26.9520668016234],[75.7648379730967,26.9470160482998],[75.7657277480974,26.9451768774571],[75.7665770306384,26.9436563383608],[75.7673565491161,26.9420905870823],[75.7674544591938,26.9419109381576],[75.7666904510278,26.9421474594587],[75.7661863569146,26.9422808689455],[75.7656113749456,26.9424213006146],[75.7650048863647,26.9425547105782],[75.7646189395759,26.9426179051378],[75.7637983303605,26.9427138440743],[75.7636580099198,26.9427302495105],[75.763027892952,26.9428145085174],[75.7628493761455,26.9428410313885],[75.7626785641892,26.9428561859393],[75.7625708238473,26.942855127267],[75.762408898924,26.9428361224156],[75.7622623702265,26.9428174619098],[75.7621122249115,26.9427799486943],[75.7618832721934,26.9426999083406],[75.7613820940116,26.9425419007684],[75.7610763074888,26.942471553297],[75.7609511676782,26.9424655487945],[75.7608657585559,26.9424701847061],[75.7607918397844,26.9424792018699],[75.7607078059829,26.9424930743666],[75.7606517834485,26.9425076411669],[75.7605910923696,26.942527756802],[75.7605560778364,26.9425471781283],[75.7605335139531,26.9425672937563],[75.7605148020458,26.942604471502],[75.7605125616474,26.9427014210749],[75.7605175787383,26.942788635899],[75.7605499558178,26.9429359579106],[75.7606303253913,26.9432066227456],[75.7606364375285,26.9433864233605],[75.760572855671,26.9434712336327],[75.7604639196714,26.9435544390256],[75.7604075503874,26.9435930939326],[75.7603446773006,26.9436762007365],[75.7603186602934,26.9437747686146],[75.7602666271772,26.9438733372073],[75.7602167616958,26.9439235876408],[75.7601322077696,26.943960309282],[75.7596999689976,26.9440906223232],[75.7595339091292,26.9441292394086],[75.7591948624831,26.9442085780461],[75.7590536652867,26.9442449864813],[75.7588946464134,26.9442745104182],[75.7587668161485,26.9442879166278],[75.7587176306917,26.944290494406],[75.7586455786194,26.9442793744837],[75.7585947582289,26.9442600591616],[75.7584125915673,26.9441708186466],[75.7581577449111,26.944152307311],[75.7575081991803,26.9441144061506],[75.7574879700184,26.9443970048842],[75.7575020762633,26.9444594464601],[75.7575512805847,26.9446772429571],[75.7576955338497,26.9453349053596],[75.757761477378,26.9455810690177],[75.7577697212174,26.94570231283],[75.7577449914959,26.9458786684708],[75.7576131035409,26.9462166820773],[75.7576131035409,26.9463893621063],[75.7575636449963,26.9468118768414],[75.7569619031133,26.9480610417856],[75.7570651860148,26.9501769314752],[75.7632908055811,26.9478464413169],[75.7627916396255,26.9488435731826],[75.761771820911,26.951093448602],[75.7612736116612,26.9520602467191],[75.7606731965899,26.9532871642669],[75.7601319391734,26.9544412694183],[75.7612890465144,26.95476402192],[75.7615810007784,26.9540655163885],[75.7618114159538,26.9535142346375],[75.7625412090873,26.9520668016234]]]},"properties":{"ward_number":31,"vidhansabha":"Jhotwara","vidhansabha_hi":"\u091d\u094b\u091f\u0935\u093e\u0921\u093c\u093e","mla":"Rajyavardhan Singh Rathore","mla_party":"BJP","lok_sabha":"Jaipur Rural","mp":"Rao Rajendra Singh","mp_party":"BJP","centroid_lat":26.944944,"centroid_lng":75.760971,"parshad":"","parshad_party":"","total_reports":0,"open_reports":0}},{"type":"Feature","geometry":{"type":"Polygon","coordinates":[[[75.7469061267886,26.9454373620386],[75.7467664854743,26.9436483783545],[75.746550313986,26.9436912022212],[75.7447198878985,26.9440716961587],[75.7436293888391,26.9443427162246],[75.7425281333525,26.9445725769836],[75.7418222093545,26.9446840137056],[75.7415207212704,26.9447167895679],[75.7409765712786,26.9447430100907],[75.7399985727339,26.9447954511181],[75.7388220321383,26.9448610019676],[75.7375057783631,26.9449462187357],[75.7365645460663,26.9450248801258],[75.7357777350651,26.9450969861517],[75.734895329843,26.9452084223551],[75.7340791053045,26.9453198592492],[75.7334676867693,26.945433225143],[75.7323222224927,26.9456650832538],[75.732878503334,26.9509313249109],[75.7348132929963,26.9506471850913],[75.7365040175825,26.9503731653325],[75.7378412263582,26.9501333973969],[75.7388172360329,26.9499552835371],[75.7404695342845,26.949701813667],[75.7423677571248,26.949352435647],[75.7442506088924,26.9490236074379],[75.7443735702884,26.94896880291],[75.7444504220593,26.9489208489263],[75.7445195878446,26.9488180903209],[75.7445810685427,26.9486947790701],[75.7444273667976,26.9477493920683],[75.7463640141759,26.9473315005438],[75.7470931955566,26.9471542254777],[75.7469061267886,26.9454373620386]]]},"properties":{"ward_number":32,"vidhansabha":"Jhotwara","vidhansabha_hi":"\u091d\u094b\u091f\u0935\u093e\u0921\u093c\u093e","mla":"Rajyavardhan Singh Rathore","mla_party":"BJP","lok_sabha":"Jaipur Rural","mp":"Rao Rajendra Singh","mp_party":"BJP","centroid_lat":26.946749,"centroid_lng":75.740868,"parshad":"","parshad_party":"","total_reports":0,"open_reports":0}},{"type":"Feature","geometry":{"type":"Polygon","coordinates":[[[75.7575020762633,26.9444594464601],[75.7574879700184,26.9443970048842],[75.7575081991803,26.9441144061506],[75.7575080258055,26.9439899702309],[75.7574015350201,26.9431424106877],[75.7568269617846,26.9431643624644],[75.7561374742613,26.9430985071214],[75.7554315700262,26.9429594793158],[75.7548323730705,26.9428789898346],[75.7540361791661,26.9428497201901],[75.7530511962201,26.9429009416626],[75.7520826308841,26.9429594793158],[75.7509416932181,26.94302533474],[75.7498171713657,26.9431350936947],[75.7487583154622,26.9432814382676],[75.7473629237038,26.9435302234454],[75.7467664854743,26.9436483783545],[75.7469061267886,26.9454373620386],[75.7469874261184,26.9461835062574],[75.7474938567497,26.9462098681784],[75.7489373739528,26.946165686332],[75.7500463423744,26.946165686332],[75.7509818416231,26.9461270275025],[75.7515208370818,26.9460552320408],[75.7524687258949,26.9459061171344],[75.753398029463,26.9457956625888],[75.753924634459,26.9457570028316],[75.7542344023151,26.9457017754993],[75.7545503649533,26.9455747515712],[75.7547733977738,26.9454919104286],[75.7550893613103,26.9454587736342],[75.7554610823782,26.9454035461557],[75.7557027013419,26.9453593631925],[75.7559257341623,26.9452654765404],[75.7565142923702,26.9449838137123],[75.7569417718678,26.9447187194908],[75.7575020762633,26.9444594464601]]]},"properties":{"ward_number":33,"vidhansabha":"Jhotwara","vidhansabha_hi":"\u091d\u094b\u091f\u0935\u093e\u0921\u093c\u093e","mla":"Rajyavardhan Singh Rathore","mla_party":"BJP","lok_sabha":"Jaipur Rural","mp":"Rao Rajendra Singh","mp_party":"BJP","centroid_lat":26.944588,"centroid_lng":75.753319,"parshad":"","parshad_party":"","total_reports":0,"open_reports":0}},{"type":"Feature","geometry":{"type":"Polygon","coordinates":[[[75.7606303253913,26.9432066227456],[75.7605499558178,26.9429359579106],[75.7605175787383,26.942788635899],[75.7605125616474,26.9427014210749],[75.7605148020458,26.942604471502],[75.7605335139531,26.9425672937563],[75.7605560778364,26.9425471781283],[75.7605910923696,26.942527756802],[75.7606517834485,26.9425076411669],[75.7607078059829,26.9424930743666],[75.7607918397844,26.9424792018699],[75.7608657585559,26.9424701847061],[75.7609511676782,26.9424655487945],[75.7610763074888,26.942471553297],[75.7613820940116,26.9425419007684],[75.7618832721934,26.9426999083406],[75.7621122249115,26.9427799486943],[75.7622623702265,26.9428174619098],[75.762408898924,26.9428361224156],[75.7625708238473,26.942855127267],[75.7626785641892,26.9428561859393],[75.7628493761455,26.9428410313885],[75.763027892952,26.9428145085174],[75.7636580099198,26.9427302495105],[75.7637983303605,26.9427138440743],[75.7627849121424,26.9418681728751],[75.7618313136373,26.9410125827303],[75.7617911769105,26.940976935636],[75.7601886623937,26.9395536781705],[75.7594073266242,26.9388351879129],[75.758478336568,26.9380234530814],[75.7577585228191,26.9373707709562],[75.7568138481781,26.9365777832262],[75.7562598490575,26.9367497100008],[75.7559801711702,26.9368262596523],[75.7556980399839,26.9368853130059],[75.7555582010402,26.9369093714445],[75.7555091341611,26.936935617008],[75.7554919610678,26.9369684247547],[75.7554968676659,26.9370296643613],[75.7554895077688,26.9370843433542],[75.7554600681803,26.9371280858888],[75.7554183620966,26.9371477700238],[75.755342308928,26.9371630799042],[75.7552073765825,26.9371674541554],[75.7549497783865,26.9371718284064],[75.7544664748822,26.9372002618346],[75.7537157599858,26.9372111974585],[75.7534474475835,26.9372292814786],[75.7535428756161,26.9376326494325],[75.7536897447751,26.9380271521865],[75.7539148185679,26.9386291068466],[75.7540979284605,26.939275268484],[75.7542867606214,26.9398670138766],[75.7546739632549,26.939776892171],[75.7548608882925,26.9397275800674],[75.7549829612548,26.9396782679423],[75.7552290160993,26.9395643396809],[75.7554827003355,26.9394844203726],[75.7557001438383,26.9394283066456],[75.7560339380349,26.9393500874159],[75.7561040317799,26.9393831659433],[75.7561702690574,26.9394491620012],[75.7564020990794,26.9400413933864],[75.7559910389885,26.9401612288908],[75.7562188167103,26.9406858131402],[75.7557847543582,26.9408019000954],[75.7550969314132,26.9409120335986],[75.7545226330622,26.9410191903307],[75.7547140658459,26.9424547498186],[75.7547334443032,26.9425122962963],[75.7547602132003,26.9425470067543],[75.7548113174585,26.9425762932945],[75.7549050090477,26.9426283589479],[75.7549938335647,26.9427205588838],[75.7550352036785,26.9427802177671],[75.7550963511015,26.9429144497385],[75.7554315700262,26.9429594793158],[75.7561374742613,26.9430985071214],[75.7568269617846,26.9431643624644],[75.7574015350201,26.9431424106877],[75.7575080258055,26.9439899702309],[75.7575081991803,26.9441144061506],[75.7581577449111,26.944152307311],[75.7584125915673,26.9441708186466],[75.7585947582289,26.9442600591616],[75.7586455786194,26.9442793744837],[75.7587176306917,26.944290494406],[75.7587668161485,26.9442879166278],[75.7588946464134,26.9442745104182],[75.7590536652867,26.9442449864813],[75.7591948624831,26.9442085780461],[75.7595339091292,26.9441292394086],[75.7596999689976,26.9440906223232],[75.7601322077696,26.943960309282],[75.7602167616958,26.9439235876408],[75.7602666271772,26.9438733372073],[75.7603186602934,26.9437747686146],[75.7603446773006,26.9436762007365],[75.7604075503874,26.9435930939326],[75.7604639196714,26.9435544390256],[75.760572855671,26.9434712336327],[75.7606364375285,26.9433864233605],[75.7606303253913,26.9432066227456]]]},"properties":{"ward_number":34,"vidhansabha":"Jhotwara","vidhansabha_hi":"\u091d\u094b\u091f\u0935\u093e\u0921\u093c\u093e","mla":"Rajyavardhan Singh Rathore","mla_party":"BJP","lok_sabha":"Jaipur Rural","mp":"Rao Rajendra Singh","mp_party":"BJP","centroid_lat":26.941265,"centroid_lng":75.758028,"parshad":"","parshad_party":"","total_reports":0,"open_reports":0}},{"type":"Feature","geometry":{"type":"Polygon","coordinates":[[[75.7727771111012,26.9401149513026],[75.7732736755357,26.9400529766072],[75.7737885260762,26.9400646447148],[75.7738601640252,26.9392574530724],[75.7780414857028,26.939037394948],[75.7794452838956,26.9389207047458],[75.78098396323,26.9387790434308],[75.7820943150572,26.9391965590358],[75.7830588307879,26.9406477250226],[75.7836624995571,26.9409157165924],[75.7838558205995,26.9409782161544],[75.7840350452785,26.9410060023574],[75.784261024573,26.9410129495078],[75.7844558332256,26.9409712690019],[75.7846896045069,26.9408601217117],[75.7850480538648,26.9406725610618],[75.7853207868767,26.9404641593508],[75.7857493677088,26.9400959820266],[75.7860298927074,26.9397972717673],[75.7861311939254,26.9396305486545],[75.7861701556559,26.939456879651],[75.7861779476427,26.9392832095791],[75.7860221007206,26.9383523350037],[75.7850168841211,26.9323570384118],[75.7848823299663,26.9317788791462],[75.784813392353,26.9313623091606],[75.7847904134481,26.9310413437215],[75.7847750944775,26.9307613520694],[75.7847597746087,26.9303994109041],[75.7847827535136,26.9299828358234],[75.7850048862222,26.9265955413918],[75.7851438834444,26.9233857519088],[75.7879151061458,26.9211201556878],[75.7911106013593,26.9186215114013],[75.7897118714613,26.9177039028995],[75.7813181140579,26.924538407516],[75.7795019074029,26.9261152334922],[75.7786121126393,26.9268065653326],[75.7778112969029,26.927339227329],[75.7757520564377,26.9285858737101],[75.7723708345392,26.9306144786712],[75.7720053846103,26.9308234944537],[75.7699876472096,26.9354537654053],[75.7687165400657,26.9379398367765],[75.7674063211727,26.9378143144995],[75.7656320999775,26.9380593790028],[75.7650061395145,26.9381650168418],[75.7643621480671,26.9382683577622],[75.7638031632967,26.9383785874389],[75.7633549443941,26.9384382958696],[75.7628629344181,26.9385232644268],[75.7625203304434,26.938564600675],[75.7622730377205,26.9386013440829],[75.7620540805565,26.9386105297328],[75.761819667878,26.938654162761],[75.7620360486738,26.9391111561311],[75.7620540805565,26.9391869393799],[75.7620571375234,26.9392727170187],[75.7620571375234,26.9393863997182],[75.7620358842821,26.9395379770065],[75.7617911769105,26.940976935636],[75.7618313136373,26.9410125827303],[75.7627849121424,26.9418681728751],[75.7637983303605,26.9427138440743],[75.7646189395759,26.9426179051378],[75.7650048863647,26.9425547105782],[75.7656113749456,26.9424213006146],[75.7661863569146,26.9422808689455],[75.7666904510278,26.9421474594587],[75.7674544591938,26.9419109381576],[75.767556029008,26.9417245740781],[75.7695196474044,26.941035716938],[75.7720620584232,26.9402920220163],[75.7727771111012,26.9401149513026]]]},"properties":{"ward_number":35,"vidhansabha":"Jhotwara","vidhansabha_hi":"\u091d\u094b\u091f\u0935\u093e\u0921\u093c\u093e","mla":"Rajyavardhan Singh Rathore","mla_party":"BJP","lok_sabha":"Jaipur Rural","mp":"Rao Rajendra Singh","mp_party":"BJP","centroid_lat":26.936691,"centroid_lng":75.774821,"parshad":"","parshad_party":"","total_reports":0,"open_reports":0}},{"type":"Feature","geometry":{"type":"Polygon","coordinates":[[[75.7432500859902,26.9371740980195],[75.7413749561408,26.9370837371091],[75.7401837873791,26.9370394900203],[75.7393102638002,26.9370571888579],[75.7380496103513,26.9372164782714],[75.7366599139119,26.9372695746925],[75.7367691041346,26.9398358775102],[75.7368782943574,26.9413844800807],[75.731961505787,26.9417933315898],[75.7321748565653,26.9439744915073],[75.7323222224927,26.9456650832538],[75.7334676867693,26.945433225143],[75.7340791053045,26.9453198592492],[75.734895329843,26.9452084223551],[75.7357777350651,26.9450969861517],[75.7365645460663,26.9450248801258],[75.7375057783631,26.9449462187357],[75.7388220321383,26.9448610019676],[75.7399985727339,26.9447954511181],[75.7409765712786,26.9447430100907],[75.7415207212704,26.9447167895679],[75.7418222093545,26.9446840137056],[75.7425281333525,26.9445725769836],[75.7436293888391,26.9443427162246],[75.7431901162584,26.9421664772393],[75.743161537256,26.9419626581651],[75.7431508491007,26.9417246037084],[75.7431394692427,26.9408622975541],[75.7431167095267,26.9391275196472],[75.7432500859902,26.9371740980195]]]},"properties":{"ward_number":36,"vidhansabha":"Jhotwara","vidhansabha_hi":"\u091d\u094b\u091f\u0935\u093e\u0921\u093c\u093e","mla":"Rajyavardhan Singh Rathore","mla_party":"BJP","lok_sabha":"Jaipur Rural","mp":"Rao Rajendra Singh","mp_party":"BJP","centroid_lat":26.942075,"centroid_lng":75.738984,"parshad":"","parshad_party":"","total_reports":0,"open_reports":0}},{"type":"Feature","geometry":{"type":"Polygon","coordinates":[[[75.7550963511015,26.9429144497385],[75.7550352036785,26.9427802177671],[75.7549938335647,26.9427205588838],[75.7549050090477,26.9426283589479],[75.7548113174585,26.9425762932945],[75.7547602132003,26.9425470067543],[75.7547334443032,26.9425122962963],[75.7547140658459,26.9424547498186],[75.7545226330622,26.9410191903307],[75.7550969314132,26.9409120335986],[75.7557847543582,26.9408019000954],[75.7562188167103,26.9406858131402],[75.7559910389885,26.9401612288908],[75.7564020990794,26.9400413933864],[75.7561702690574,26.9394491620012],[75.7561040317799,26.9393831659433],[75.7560339380349,26.9393500874159],[75.7557001438383,26.9394283066456],[75.7554827003355,26.9394844203726],[75.7552290160993,26.9395643396809],[75.7549829612548,26.9396782679423],[75.7548608882925,26.9397275800674],[75.7546739632549,26.939776892171],[75.7542867606214,26.9398670138766],[75.7540979284605,26.939275268484],[75.7539148185679,26.9386291068466],[75.7536897447751,26.9380271521865],[75.7535428756161,26.9376326494325],[75.7534474475835,26.9372292814786],[75.753001844575,26.9372593141915],[75.7522315032862,26.9373446127867],[75.751895399521,26.9373730453704],[75.7515666547546,26.9373774196135],[75.7512747103721,26.937375232492],[75.7511741242131,26.937399290826],[75.7511103375397,26.9374517825197],[75.7510416451666,26.9375064605071],[75.7509410590076,26.9375370809693],[75.7508404728486,26.9375567650329],[75.7507472465867,26.9375633263867],[75.7506294882327,26.9375655135045],[75.7503179165596,26.9375545779149],[75.7494420825138,26.93756988774],[75.7488606470478,26.9376070687354],[75.7486373950384,26.9376136300863],[75.7484313161223,26.937635501253],[75.7482890238797,26.9376486247518],[75.7481957976178,26.9376661216801],[75.7481172920485,26.9376967412981],[75.7480804916646,26.9377207995636],[75.7480371722066,26.9377659753679],[75.7479916833173,26.9378268053085],[75.7474515002858,26.938992711368],[75.7471728797156,26.9396111436432],[75.7470648429296,26.9398950125741],[75.7470022959313,26.9401281906332],[75.7469568061437,26.9409037570725],[75.7438976662071,26.9410406211844],[75.7431425190231,26.9410934203007],[75.7431508491007,26.9417246037084],[75.743161537256,26.9419626581651],[75.7431901162584,26.9421664772393],[75.7436293888391,26.9443427162246],[75.7447198878985,26.9440716961587],[75.746550313986,26.9436912022212],[75.7473629237038,26.9435302234454],[75.7487583154622,26.9432814382676],[75.7498171713657,26.9431350936947],[75.7509416932181,26.94302533474],[75.7520826308841,26.9429594793158],[75.7530511962201,26.9429009416626],[75.7540361791661,26.9428497201901],[75.7548323730705,26.9428789898346],[75.7550963511015,26.9429144497385]]]},"properties":{"ward_number":37,"vidhansabha":"Jhotwara","vidhansabha_hi":"\u091d\u094b\u091f\u0935\u093e\u0921\u093c\u093e","mla":"Rajyavardhan Singh Rathore","mla_party":"BJP","lok_sabha":"Jaipur Rural","mp":"Rao Rajendra Singh","mp_party":"BJP","centroid_lat":26.940027,"centroid_lng":75.751341,"parshad":"","parshad_party":"","total_reports":0,"open_reports":0}},{"type":"Feature","geometry":{"type":"Polygon","coordinates":[[[75.7720053846103,26.9308234944537],[75.7703497284562,26.9317704273558],[75.7693836649283,26.9322010714205],[75.7680489723337,26.9327223754462],[75.7671337543492,26.9329943590247],[75.7663964953174,26.9331756815798],[75.7649982460181,26.9334589972883],[75.7641592958995,26.933583655462],[75.7633711922227,26.9336289858912],[75.7625195309429,26.9336629839014],[75.7606890949738,26.9337876418496],[75.7582485133824,26.9338783025259],[75.7542746279751,26.9341268481694],[75.7543870889639,26.9343102407591],[75.7556298434808,26.9354840020105],[75.7568138481781,26.9365777832262],[75.7577585228191,26.9373707709562],[75.758478336568,26.9380234530814],[75.7594073266242,26.9388351879129],[75.7601886623937,26.9395536781705],[75.7617911769105,26.940976935636],[75.7620358842821,26.9395379770065],[75.7620571375234,26.9393863997182],[75.7620571375234,26.9392727170187],[75.7620540805565,26.9391869393799],[75.7620360486738,26.9391111561311],[75.761819667878,26.938654162761],[75.7620540805565,26.9386105297328],[75.7622730377205,26.9386013440829],[75.7625203304434,26.938564600675],[75.7628629344181,26.9385232644268],[75.7633549443941,26.9384382958696],[75.7638031632967,26.9383785874389],[75.7643621480671,26.9382683577622],[75.7650061395145,26.9381650168418],[75.7656320999775,26.9380593790028],[75.7674063211727,26.9378143144995],[75.7687165400657,26.9379398367765],[75.7699876472096,26.9354537654053],[75.7720053846103,26.9308234944537]]]},"properties":{"ward_number":38,"vidhansabha":"Sanganer","vidhansabha_hi":"\u0938\u093e\u0902\u0917\u093e\u0928\u0947\u0930","mla":"Bhajan Lal Sharma","mla_party":"BJP","lok_sabha":"Jaipur","mp":"Manju Sharma","mp_party":"BJP","centroid_lat":26.936343,"centroid_lng":75.763202,"parshad":"","parshad_party":"","total_reports":0,"open_reports":0}},{"type":"Feature","geometry":{"type":"Polygon","coordinates":[[[75.7436132371303,26.933655460468],[75.7401688987016,26.9333319916011],[75.7402709895387,26.932430921695],[75.7403424523162,26.9318028994306],[75.7403016158017,26.9311657715074],[75.7364119860799,26.9314115216074],[75.7356973556102,26.9266602658543],[75.7337576449767,26.9267421861529],[75.7338597349155,26.927952773046],[75.7309878937157,26.9281372440967],[75.7312670676481,26.9329664787458],[75.7314138101448,26.9361938691572],[75.731961505787,26.9417933315898],[75.7368782943574,26.9413844800807],[75.7367691041346,26.9398358775102],[75.7366599139119,26.9372695746925],[75.7380496103513,26.9372164782714],[75.7393102638002,26.9370571888579],[75.7401837873791,26.9370394900203],[75.7413749561408,26.9370837371091],[75.7432500859902,26.9371740980195],[75.7432760275389,26.93679415101],[75.7436132371303,26.933655460468]]]},"properties":{"ward_number":39,"vidhansabha":"Sanganer","vidhansabha_hi":"\u0938\u093e\u0902\u0917\u093e\u0928\u0947\u0930","mla":"Bhajan Lal Sharma","mla_party":"BJP","lok_sabha":"Jaipur","mp":"Manju Sharma","mp_party":"BJP","centroid_lat":26.934294,"centroid_lng":75.737801,"parshad":"","parshad_party":"","total_reports":0,"open_reports":0}},{"type":"Feature","geometry":{"type":"Polygon","coordinates":[[[75.7568138481781,26.9365777832262],[75.7556298434808,26.9354840020105],[75.7543870889639,26.9343102407591],[75.7542746279751,26.9341268481694],[75.7509937981995,26.9342409789396],[75.7490975372798,26.9343024546829],[75.7471667990194,26.9341641352144],[75.7443945495436,26.933778924319],[75.7436132371303,26.933655460468],[75.7432760275389,26.93679415101],[75.7431167095267,26.9391275196472],[75.7431394692427,26.9408622975541],[75.7431425190231,26.9410934203007],[75.7438976662071,26.9410406211844],[75.7469568061437,26.9409037570725],[75.7470022959313,26.9401281906332],[75.7470648429296,26.9398950125741],[75.7471728797156,26.9396111436432],[75.7474515002858,26.938992711368],[75.7479916833173,26.9378268053085],[75.7480371722066,26.9377659753679],[75.7480804916646,26.9377207995636],[75.7481172920485,26.9376967412981],[75.7481957976178,26.9376661216801],[75.7482890238797,26.9376486247518],[75.7484313161223,26.937635501253],[75.7486373950384,26.9376136300863],[75.7488606470478,26.9376070687354],[75.7494420825138,26.93756988774],[75.7503179165596,26.9375545779149],[75.7506294882327,26.9375655135045],[75.7507472465867,26.9375633263867],[75.7508404728486,26.9375567650329],[75.7509410590076,26.9375370809693],[75.7510416451666,26.9375064605071],[75.7511103375397,26.9374517825197],[75.7511741242131,26.937399290826],[75.7512747103721,26.937375232492],[75.7515666547546,26.9373774196135],[75.751895399521,26.9373730453704],[75.7522315032862,26.9373446127867],[75.753001844575,26.9372593141915],[75.7537157599858,26.9372111974585],[75.7544664748822,26.9372002618346],[75.7549497783865,26.9371718284064],[75.7552073765825,26.9371674541554],[75.755342308928,26.9371630799042],[75.7554183620966,26.9371477700238],[75.7554600681803,26.9371280858888],[75.7554895077688,26.9370843433542],[75.7554968676659,26.9370296643613],[75.7554919610678,26.9369684247547],[75.7555091341611,26.936935617008],[75.7555582010402,26.9369093714445],[75.7556980399839,26.9368853130059],[75.7559801711702,26.9368262596523],[75.7562598490575,26.9367497100008],[75.7568138481781,26.9365777832262]]]},"properties":{"ward_number":40,"vidhansabha":"Sanganer","vidhansabha_hi":"\u0938\u093e\u0902\u0917\u093e\u0928\u0947\u0930","mla":"Bhajan Lal Sharma","mla_party":"BJP","lok_sabha":"Jaipur","mp":"Manju Sharma","mp_party":"BJP","centroid_lat":26.937325,"centroid_lng":75.750798,"parshad":"","parshad_party":"","total_reports":0,"open_reports":0}},{"type":"Feature","geometry":{"type":"Polygon","coordinates":[[[75.7542746279751,26.9341268481694],[75.7468978182705,26.9267940132336],[75.7449155706118,26.9283321099127],[75.7447260242902,26.928342352004],[75.7447604872577,26.9291258692341],[75.7439448636922,26.9290029649304],[75.7432498614114,26.9289363917101],[75.7421757664874,26.9289363917101],[75.7407570418878,26.9289466337465],[75.7407696263866,26.9296461855418],[75.7402168480765,26.9296899926312],[75.7403016158017,26.9311657715074],[75.7403424523162,26.9318028994306],[75.7402709895387,26.932430921695],[75.7401688987016,26.9333319916011],[75.7436132371303,26.933655460468],[75.7443945495436,26.933778924319],[75.7471667990194,26.9341641352144],[75.7490975372798,26.9343024546829],[75.7509937981995,26.9342409789396],[75.7542746279751,26.9341268481694]]]},"properties":{"ward_number":41,"vidhansabha":"Sanganer","vidhansabha_hi":"\u0938\u093e\u0902\u0917\u093e\u0928\u0947\u0930","mla":"Bhajan Lal Sharma","mla_party":"BJP","lok_sabha":"Jaipur","mp":"Manju Sharma","mp_party":"BJP","centroid_lat":26.931185,"centroid_lng":75.744634,"parshad":"","parshad_party":"","total_reports":0,"open_reports":0}},{"type":"Feature","geometry":{"type":"Polygon","coordinates":[[[75.7407570418878,26.9289466337465],[75.7421757664874,26.9289363917101],[75.7432498614114,26.9289363917101],[75.7439448636922,26.9290029649304],[75.7447604872577,26.9291258692341],[75.7447260242902,26.928342352004],[75.7449155706118,26.9283321099127],[75.7468978182705,26.9267940132336],[75.7465550040901,26.9264509131757],[75.7462396603911,26.9260825010794],[75.7461347227928,26.9259283251044],[75.7460647988295,26.9257774687836],[75.7458723734074,26.9252818346965],[75.7455409750176,26.9241094626334],[75.7452982663975,26.9228673874815],[75.7446198101859,26.9226861188394],[75.7442905354135,26.9225556352885],[75.7440044983523,26.922434048608],[75.7436685715552,26.922267978237],[75.7433625784199,26.9220870794756],[75.7426826336999,26.9215986730772],[75.7416827737544,26.9208316571645],[75.7409036029247,26.9202252694513],[75.7405658121234,26.9200325098083],[75.7402865717156,26.9199401455458],[75.7398992388264,26.9198919549435],[75.7393317506035,26.9199120345639],[75.7388093012141,26.9199682565208],[75.7354816494492,26.920355374435],[75.7352973537804,26.920374576109],[75.7340141193802,26.9205082708673],[75.7324552036975,26.9206253117212],[75.7313664114371,26.9207317196008],[75.7306203776616,26.9207898298315],[75.730652762826,26.9224357226063],[75.7307499174205,26.9244136496397],[75.7309604205394,26.9276619949589],[75.7309878937157,26.9281372440967],[75.7338597349155,26.927952773046],[75.7337576449767,26.9267421861529],[75.7356973556102,26.9266602658543],[75.7364119860799,26.9314115216074],[75.7403016158017,26.9311657715074],[75.7402168480765,26.9296899926312],[75.7407696263866,26.9296461855418],[75.7407570418878,26.9289466337465]]]},"properties":{"ward_number":42,"vidhansabha":"Sanganer","vidhansabha_hi":"\u0938\u093e\u0902\u0917\u093e\u0928\u0947\u0930","mla":"Bhajan Lal Sharma","mla_party":"BJP","lok_sabha":"Jaipur","mp":"Manju Sharma","mp_party":"BJP","centroid_lat":26.92473,"centroid_lng":75.740035,"parshad":"","parshad_party":"","total_reports":0,"open_reports":0}},{"type":"Feature","geometry":{"type":"Polygon","coordinates":[[[75.7297661085725,26.9742456923004],[75.7303192533953,26.9739383861714],[75.731511747172,26.97329176202],[75.7329556713119,26.9729524422126],[75.7359440904794,26.9717039944059],[75.738401784977,26.971241884423],[75.7381540565711,26.9701658098411],[75.7378217751374,26.9686197236811],[75.7380845790704,26.9685356424955],[75.7378461895502,26.9678619691428],[75.7378591944605,26.9675837478889],[75.7379565457862,26.9672564052332],[75.7367012391098,26.9673072601281],[75.7366635961062,26.9660633326262],[75.7364163698585,26.9645790785202],[75.7364003421172,26.9643576518746],[75.7364644539807,26.9642505101288],[75.7366567895713,26.9641219402196],[75.7367289162038,26.9640005120586],[75.7367289162038,26.963857655655],[75.7365045242323,26.962664798452],[75.7359755997863,26.9599576073615],[75.7357351791752,26.9589504298211],[75.7354530075647,26.9585874237513],[75.7339414690299,26.9570261837351],[75.7336076883081,26.9564769254629],[75.7334793109691,26.9561565239678],[75.7334022849251,26.9556759192159],[75.7332225571896,26.954188320505],[75.732878503334,26.9509313249109],[75.7323222224927,26.9456650832538],[75.7305979566105,26.9460032904909],[75.7273360597278,26.9467095295176],[75.7269610373511,26.9467685248426],[75.7265786622639,26.9468078545082],[75.7261080465647,26.9468078545082],[75.7253874153488,26.9468471841601],[75.7249609195064,26.9468865145991],[75.7245711908103,26.9469782842353],[75.7239567719021,26.9471477311469],[75.7249173925377,26.9500524149659],[75.7251246015344,26.9512099043947],[75.725062439015,26.9516347240296],[75.7251798578058,26.9521087975237],[75.7256771597572,26.9532231685461],[75.7262918804994,26.9548916256252],[75.7262711590607,26.9551317341532],[75.7261882751027,26.9557658632607],[75.7270378334265,26.957742107072],[75.7281498561201,26.9588687347009],[75.7282233616665,26.9590809673384],[75.7283837962847,26.9599790025863],[75.7279891277528,26.9600819615942],[75.7283099960908,26.9609599693997],[75.7281784405124,26.9610085884306],[75.7282702034187,26.9612487695941],[75.7289869224715,26.9628322201007],[75.7285141930364,26.9631584210546],[75.728178707312,26.9634574384997],[75.7275763590663,26.9640690622188],[75.7273781170528,26.9642117742356],[75.7270865805054,26.9643391878915],[75.7261146500803,26.9646895891138],[75.7250509441727,26.9650609143224],[75.7251716984081,26.9652283324093],[75.7255061061541,26.9657499208376],[75.7257330250864,26.9662821522218],[75.7261868638494,26.9671603270652],[75.7256315082728,26.9678575400387],[75.724228191577,26.9683684719165],[75.7238639265259,26.96925727558],[75.7237922679157,26.9695127390333],[75.7240729312549,26.9705611962679],[75.7244491394076,26.9721897442903],[75.724592456628,26.9723600491548],[75.7248970061706,26.972652759063],[75.7257330250864,26.9740684003437],[75.7261211763409,26.9742599900009],[75.726878261191,26.9741240500911],[75.7272661806801,26.9741752677531],[75.7289184313209,26.9744313557133],[75.7297661085725,26.9742456923004]]]},"properties":{"ward_number":43,"vidhansabha":"Sanganer","vidhansabha_hi":"\u0938\u093e\u0902\u0917\u093e\u0928\u0947\u0930","mla":"Bhajan Lal Sharma","mla_party":"BJP","lok_sabha":"Jaipur","mp":"Manju Sharma","mp_party":"BJP","centroid_lat":26.962079,"centroid_lng":75.729796,"parshad":"","parshad_party":"","total_reports":0,"open_reports":0}},{"type":"Feature","geometry":{"type":"Polygon","coordinates":[[[75.720185444015,26.9613003734356],[75.7218992822534,26.960996988948],[75.722777101576,26.9618166579593],[75.7230219356101,26.9618805278966],[75.7234638312714,26.962567128636],[75.723690751102,26.9626948676232],[75.7239057269327,26.9634825897778],[75.7243177652889,26.96372742152],[75.7245207980178,26.9643554644761],[75.7247238307468,26.964472556694],[75.7249567216791,26.964930280451],[75.7250509441727,26.9650609143224],[75.7261146500803,26.9646895891138],[75.7270865805054,26.9643391878915],[75.7273781170528,26.9642117742356],[75.7275763590663,26.9640690622188],[75.728178707312,26.9634574384997],[75.7285141930364,26.9631584210546],[75.7289869224715,26.9628322201007],[75.7282702034187,26.9612487695941],[75.7281784405124,26.9610085884306],[75.7283099960908,26.9609599693997],[75.7279891277528,26.9600819615942],[75.7283837962847,26.9599790025863],[75.7282233616665,26.9590809673384],[75.7281498561201,26.9588687347009],[75.7270378334265,26.957742107072],[75.7261882751027,26.9557658632607],[75.7262711590607,26.9551317341532],[75.7262918804994,26.9548916256252],[75.7256771597572,26.9532231685461],[75.7251798578058,26.9521087975237],[75.725062439015,26.9516347240296],[75.7251246015344,26.9512099043947],[75.7249173925377,26.9500524149659],[75.7239567719021,26.9471477311469],[75.7229681552707,26.9473912482754],[75.7223210583473,26.9475157925491],[75.7195481243553,26.9479464277244],[75.7181793910012,26.9481808119097],[75.7178743482836,26.9482172695104],[75.7168278594866,26.9483867193638],[75.7162350827902,26.948488000139],[75.7157722851288,26.952304211258],[75.7154991829094,26.9529881558585],[75.7156162262044,26.9537184652184],[75.7158633186031,26.954889268289],[75.7154731730887,26.9562571219552],[75.7148229311636,26.9572424297941],[75.7150960324846,26.9582625042942],[75.7152520905107,26.9591434704384],[75.7152650954211,26.9594100768659],[75.7152911052418,26.9601519361616],[75.7153041101522,26.9608937905715],[75.7150960324846,26.9621804318775],[75.7142897316351,26.9632236441578],[75.7143417512766,26.9636409266848],[75.7143807660077,26.9644407129391],[75.7143677610973,26.9653100397305],[75.7163444984901,26.9634091031606],[75.718704496709,26.9617847229771],[75.720185444015,26.9613003734356]]]},"properties":{"ward_number":44,"vidhansabha":"Sanganer","vidhansabha_hi":"\u0938\u093e\u0902\u0917\u093e\u0928\u0947\u0930","mla":"Bhajan Lal Sharma","mla_party":"BJP","lok_sabha":"Jaipur","mp":"Manju Sharma","mp_party":"BJP","centroid_lat":26.958401,"centroid_lng":75.721943,"parshad":"","parshad_party":"","total_reports":0,"open_reports":0}},{"type":"Feature","geometry":{"type":"Polygon","coordinates":[[[75.710783102228,26.9365947093106],[75.7109302938822,26.9304708246961],[75.718392184824,26.9314454233781],[75.7188641848272,26.9291382536837],[75.7187906226869,26.9285206585919],[75.7185546128039,26.9276270516568],[75.7184726388392,26.9267906469449],[75.7185143018038,26.9254146962741],[75.7186137578822,26.9245220322716],[75.7185810672906,26.9238588717256],[75.7184292277531,26.9231257586293],[75.7149559923184,26.923956792142],[75.7124311712112,26.9239143180025],[75.7112640368749,26.9239674110749],[75.7096324313159,26.9242434949689],[75.7081247124178,26.9242348455818],[75.7040246676121,26.9245070722885],[75.6961735168947,26.9247404095149],[75.6946032860326,26.9247015198772],[75.6886006112518,26.9233469939609],[75.6886810508939,26.9238826574176],[75.6889422630122,26.92622769202],[75.6891043954463,26.9271833599216],[75.68969887984,26.9275929292865],[75.6913528166186,26.9282358199525],[75.6925706186319,26.9286565197748],[75.6928271891551,26.9295410330804],[75.6930306135495,26.9299776675991],[75.6931877441641,26.9301790479694],[75.6933575005999,26.9303854320016],[75.6934963927193,26.9307156448667],[75.6939747977104,26.9328069718959],[75.6942834462656,26.9345818168694],[75.6944518085161,26.9352725338074],[75.694622992375,26.9355104313034],[75.694941125343,26.9356143320571],[75.6952190155828,26.9356597930114],[75.6954134577227,26.9356226466119],[75.6957840199639,26.9354451048649],[75.6963090448233,26.9351340105071],[75.6963684459215,26.9350988132428],[75.6964977332538,26.9349861697501],[75.6966368418671,26.9348566935036],[75.696873552436,26.9347024766646],[75.6968943250787,26.9346950694266],[75.697251162859,26.9345678176627],[75.6977093306034,26.9344466235426],[75.6980869410263,26.934352361804],[75.6990162158484,26.9342095350862],[75.6992183053462,26.9342095350862],[75.6993469090607,26.9342095350862],[75.6994203957425,26.9342455687387],[75.6998760176613,26.93559191431],[75.6998805721198,26.9363877872536],[75.6999700649834,26.9388077054939],[75.6998813329928,26.9398847354945],[75.6999478622228,26.94009206196],[75.7006662745999,26.9423308325964],[75.7010826527172,26.9443257312433],[75.7015760640652,26.9456722030879],[75.7017724214132,26.9459953538731],[75.702019126638,26.9469019672978],[75.7017975949024,26.9471936975477],[75.7021097531754,26.9488946942376],[75.7022003797129,26.9494467272844],[75.7022859720915,26.9495544404414],[75.7025125379859,26.9495813693152],[75.7031670630784,26.9496397137181],[75.7052917529984,26.9495320006426],[75.7064463711078,26.9492611492041],[75.707342446892,26.94895977025],[75.7084909339996,26.9487287645295],[75.7098161116387,26.9485240092087],[75.7099791360998,26.9484817124841],[75.7100986003545,26.948430684932],[75.7101421551711,26.9483774392187],[75.7101419395754,26.9482790731564],[75.7101263277541,26.948228911949],[75.7096217521438,26.946607690599],[75.7095746346089,26.9463556794395],[75.7096394211071,26.9462086726029],[75.7095805248622,26.9459199083296],[75.7096688696788,26.9458096531943],[75.7096512007155,26.9456048925702],[75.7096453113605,26.945468384747],[75.7096652620446,26.945226132723],[75.7093381764665,26.9443395682775],[75.7089492526609,26.9434331272368],[75.708831505985,26.9431032359009],[75.7088721412769,26.9430120485018],[75.709003112052,26.9429578408578],[75.7091715021504,26.9428952943446],[75.709251020121,26.9428202375221],[75.7092603751764,26.9426951427069],[75.7092744077594,26.942503331188],[75.7093586023595,26.9424157645858],[75.7096298989651,26.9423115193428],[75.7100388480151,26.9422050221096],[75.7094612196093,26.9403066675823],[75.7104806295903,26.9394527217142],[75.7107091187778,26.9390453320556],[75.7107266943163,26.9381600387926],[75.710783102228,26.9365947093106]]]},"properties":{"ward_number":45,"vidhansabha":"Sanganer","vidhansabha_hi":"\u0938\u093e\u0902\u0917\u093e\u0928\u0947\u0930","mla":"Bhajan Lal Sharma","mla_party":"BJP","lok_sabha":"Jaipur","mp":"Manju Sharma","mp_party":"BJP","centroid_lat":26.937286,"centroid_lng":75.704001,"parshad":"","parshad_party":"","total_reports":0,"open_reports":0}},{"type":"Feature","geometry":{"type":"Polygon","coordinates":[[[75.7176230014637,26.9422434364338],[75.7185504967232,26.9421088360887],[75.7194779910844,26.9419165502889],[75.7205133344836,26.9418588641646],[75.7210094362858,26.9418300210915],[75.720958216145,26.941356801281],[75.7208908029728,26.9407339844482],[75.7205780437268,26.9394744900172],[75.7203299928257,26.938820700722],[75.7202514674935,26.9386697527311],[75.7199384944485,26.9379334724527],[75.7193062583549,26.9355581186988],[75.7193062583549,26.9335853300957],[75.7194236735524,26.9331505067187],[75.7195775298078,26.9326677175638],[75.7198354262444,26.9316580432306],[75.7198419974207,26.9316521847152],[75.7183987560004,26.9314395648518],[75.718392184824,26.9314454233781],[75.7109302938822,26.9304708246961],[75.710783102228,26.9365947093106],[75.7107266943163,26.9381600387926],[75.7107091187778,26.9390453320556],[75.7104806295903,26.9394527217142],[75.7094612196093,26.9403066675823],[75.7100388480151,26.9422050221096],[75.7102166057452,26.9422039265936],[75.7103882917623,26.942229435776],[75.7106302125599,26.9425401766172],[75.7107212577123,26.9425656849227],[75.7109510045411,26.9425408533045],[75.7110873068175,26.9425818108967],[75.7111409083922,26.9426364207295],[75.7112343286901,26.9426869351816],[75.711324685733,26.9427005874294],[75.7114723849354,26.9426758743612],[75.7116658254537,26.9426233915063],[75.7119934886485,26.9423479019638],[75.7127217941719,26.9421691207329],[75.7129848190904,26.942181195436],[75.7135760893121,26.9422363932615],[75.71403292216,26.9422557858086],[75.7142184368425,26.9424413337812],[75.7143767065209,26.9427126276406],[75.7145651272534,26.9430496409202],[75.7149492423773,26.9444892794495],[75.7157577180482,26.946062144446],[75.7159240375298,26.9466767238049],[75.716174222828,26.94801421891],[75.7162350827902,26.948488000139],[75.7168278594866,26.9483867193638],[75.7178743482836,26.9482172695104],[75.7168245932122,26.9423413577056],[75.7169848508623,26.9423248729321],[75.7176230014637,26.9422434364338]]]},"properties":{"ward_number":46,"vidhansabha":"Sanganer","vidhansabha_hi":"\u0938\u093e\u0902\u0917\u093e\u0928\u0947\u0930","mla":"Bhajan Lal Sharma","mla_party":"BJP","lok_sabha":"Jaipur","mp":"Manju Sharma","mp_party":"BJP","centroid_lat":26.940708,"centroid_lng":75.715306,"parshad":"","parshad_party":"","total_reports":0,"open_reports":0}},{"type":"Feature","geometry":{"type":"Polygon","coordinates":[[[75.7253874153488,26.9468471841601],[75.7261080465647,26.9468078545082],[75.7265786622639,26.9468078545082],[75.7269610373511,26.9467685248426],[75.7273360597278,26.9467095295176],[75.7305979566105,26.9460032904909],[75.7323222224927,26.9456650832538],[75.7321748565653,26.9439744915073],[75.7314138101448,26.9361938691572],[75.7312670676481,26.9329664787458],[75.7198354262444,26.9316580432306],[75.7195775298078,26.9326677175638],[75.7194236735524,26.9331505067187],[75.7193062583549,26.9335853300957],[75.7193062583549,26.9355581186988],[75.7199384944485,26.9379334724527],[75.7202514674935,26.9386697527311],[75.7203299928257,26.938820700722],[75.7205780437268,26.9394744900172],[75.7208908029728,26.9407339844482],[75.720958216145,26.941356801281],[75.7210094362858,26.9418300210915],[75.7205133344836,26.9418588641646],[75.7194779910844,26.9419165502889],[75.7185504967232,26.9421088360887],[75.7176230014637,26.9422434364338],[75.7169848508623,26.9423248729321],[75.7168245932122,26.9423413577056],[75.7178743482836,26.9482172695104],[75.7181793910012,26.9481808119097],[75.7195481243553,26.9479464277244],[75.7223210583473,26.9475157925491],[75.7229681552707,26.9473912482754],[75.7239567719021,26.9471477311469],[75.7245711908103,26.9469782842353],[75.7249609195064,26.9468865145991],[75.7253874153488,26.9468471841601]]]},"properties":{"ward_number":47,"vidhansabha":"Sanganer","vidhansabha_hi":"\u0938\u093e\u0902\u0917\u093e\u0928\u0947\u0930","mla":"Bhajan Lal Sharma","mla_party":"BJP","lok_sabha":"Jaipur","mp":"Manju Sharma","mp_party":"BJP","centroid_lat":26.942273,"centroid_lng":75.722738,"parshad":"","parshad_party":"","total_reports":0,"open_reports":0}},{"type":"Feature","geometry":{"type":"Polygon","coordinates":[[[75.7306203776616,26.9207898298315],[75.7274293461768,26.9210918247343],[75.7265276074131,26.921219446529],[75.7256258695477,26.921398116799],[75.724767071153,26.9215512625196],[75.7234073074771,26.9218320291341],[75.7220332300455,26.9221510808566],[75.7202424609845,26.9226536056942],[75.7184292277531,26.9231257586293],[75.7185810672906,26.9238588717256],[75.7186137578822,26.9245220322716],[75.7185143018038,26.9254146962741],[75.7184726388392,26.9267906469449],[75.7185546128039,26.9276270516568],[75.7187906226869,26.9285206585919],[75.7188641848272,26.9291382536837],[75.718392184824,26.9314454233781],[75.7183987560004,26.9314395648518],[75.7198419974207,26.9316521847152],[75.7198354262444,26.9316580432306],[75.7312670676481,26.9329664787458],[75.7309604205394,26.9276619949589],[75.7307499174205,26.9244136496397],[75.730652762826,26.9224357226063],[75.7306203776616,26.9207898298315]]]},"properties":{"ward_number":48,"vidhansabha":"Sanganer","vidhansabha_hi":"\u0938\u093e\u0902\u0917\u093e\u0928\u0947\u0930","mla":"Bhajan Lal Sharma","mla_party":"BJP","lok_sabha":"Jaipur","mp":"Manju Sharma","mp_party":"BJP","centroid_lat":26.925446,"centroid_lng":75.723208,"parshad":"","parshad_party":"","total_reports":0,"open_reports":0}},{"type":"Feature","geometry":{"type":"Polygon","coordinates":[[[75.711132237853,26.9047872733459],[75.7111874177677,26.9044674243254],[75.7114104577746,26.9042406597442],[75.7115739799024,26.904235050545],[75.7119639170077,26.9030235907737],[75.7123349867971,26.9018345520773],[75.7129890753082,26.8998827078455],[75.713102282797,26.8989123813416],[75.7130897036881,26.8986038948646],[75.7131525965378,26.8981944470162],[75.7131966220715,26.8979981359983],[75.7132846569693,26.8972168076673],[75.713329366121,26.897048113326],[75.7138598599238,26.8958437026413],[75.7139035935051,26.8951270170309],[75.7141277294567,26.8944639569774],[75.7141987969755,26.8942933157218],[75.7143463991599,26.8942396855369],[75.7144174666786,26.8933620988224],[75.7144557340114,26.8929623068451],[75.7144229329271,26.8927039035113],[75.7144447997177,26.8926356464573],[75.71457600136,26.8924064962726],[75.714625202088,26.8922992340856],[75.7146197358395,26.8921968477218],[75.7146689356693,26.8919871979809],[75.7150242732632,26.891582525988],[75.7150570734491,26.8914265074541],[75.7150461400538,26.8908560621797],[75.7150138312463,26.8905490366896],[75.7152647585529,26.8903000008898],[75.7152538682767,26.890000961716],[75.7151234140328,26.8893619073027],[75.7154231944196,26.8890222243267],[75.7155460156785,26.8888294586789],[75.7155818800179,26.8885888805231],[75.715778682032,26.8882524561017],[75.715811482218,26.8881354385724],[75.7158388161554,26.8879257820963],[75.7158716163414,26.8878380185066],[75.7159262842163,26.8877795099431],[75.7159044174257,26.8876478643626],[75.7158661500929,26.8875259708821],[75.7158989502789,26.8873699467466],[75.7160028179836,26.8872139223957],[75.7160246847743,26.8870237672015],[75.7162378873305,26.8867653502856],[75.7162542878726,26.8865264366575],[75.7163690889727,26.8862436401017],[75.7168501960961,26.884935245437],[75.7175123047662,26.8840236223743],[75.7184480941707,26.8827546028751],[75.7195080181711,26.8816388763503],[75.7206078219802,26.8807829096938],[75.7199893974841,26.8804399213974],[75.716905197246,26.8785664488969],[75.71642546185,26.878919864129],[75.7161429605578,26.8791661518364],[75.7158944622957,26.8792540639839],[75.71573871868,26.8792602425186],[75.7155280996784,26.8793783405245],[75.7152148239012,26.8795356849526],[75.7150141420633,26.8795487823554],[75.7146385573414,26.8795899230617],[75.7144809012124,26.8798315387742],[75.714303772303,26.8799454568239],[75.7141509562967,26.8799601927507],[75.7140191725462,26.8800601063061],[75.7134722683198,26.8803774780492],[75.7133536628545,26.880406864054],[75.7132382958159,26.8803963227521],[75.712795828826,26.880022242111],[75.7123856275246,26.8798045371653],[75.7122861085641,26.8796201770357],[75.7122460616688,26.8793531320311],[75.7121671150266,26.878627288308],[75.7122009949876,26.8777206816196],[75.7119638334644,26.8774789187682],[75.7116334995782,26.8772749299837],[75.7114895086213,26.8770633871838],[75.7113963371567,26.8770029459677],[75.7109982433486,26.876866952913],[75.7108494284386,26.8767898778231],[75.7104730990133,26.8765949679154],[75.7102432210304,26.8765552139388],[75.7098209751177,26.8765241450422],[75.7093159683161,26.8765429142657],[75.7089021432108,26.8766430159375],[75.7085444304714,26.8768119370573],[75.7082708853825,26.8770684464529],[75.7079953406438,26.8774228262962],[75.7076270969544,26.8778394679244],[75.7074572632634,26.8779130471505],[75.7071837181745,26.8779630969902],[75.7069472151164,26.8780032791518],[75.7067805129525,26.878007092402],[75.706328011781,26.8779818659749],[75.7051962378292,26.8779624439538],[75.7046379330835,26.8778637689138],[75.7039966752095,26.8775928031315],[75.7032856272211,26.8766070576471],[75.7026644466937,26.8752043741135],[75.7013330841539,26.8734955933688],[75.7006011206907,26.8730055873413],[75.7001295545738,26.8729918705715],[75.7000213093787,26.8729838246492],[75.6996875556063,26.8729114081174],[75.6991786186753,26.8727263700576],[75.6987768031471,26.8725373692169],[75.6986603105193,26.8725456515574],[75.6985800864729,26.8725954136992],[75.6984111717584,26.8728550842051],[75.6982217440145,26.8729958939331],[75.6977211129066,26.8733257906669],[75.6973467669614,26.8735148775318],[75.6970695288984,26.8736053125678],[75.6968668617838,26.8736797519427],[75.6967476463625,26.8738818000539],[75.6967118817361,26.8741263847591],[75.6966654469207,26.8741845333958],[75.6964235135467,26.8743289697427],[75.6964853706389,26.8747218916351],[75.6966999592956,26.8752216900143],[75.6971291375074,26.8766785367172],[75.6973794907906,26.8774122694918],[75.6976179225316,26.8777631843541],[75.6981159485251,26.8785016367675],[75.6980014771068,26.8790943810766],[75.6980790987339,26.8817483729123],[75.6983378368919,26.883248427793],[75.6980790987339,26.8847253851211],[75.6981412666431,26.8884096712006],[75.6968284552122,26.8945176038801],[75.6955241696916,26.8992496752791],[75.6963986338066,26.9029770335897],[75.6961911337557,26.9040476348796],[75.6955834558054,26.9045102374323],[75.6949313130451,26.9046820600683],[75.6937159553478,26.9046820600683],[75.6931082773974,26.9048538832439],[75.691744705763,26.9051975288106],[75.6902329201916,26.9058980329179],[75.6890620273042,26.9066249671368],[75.6886322058986,26.9077219672378],[75.6879874850192,26.9099319082982],[75.6877172654935,26.9149357437615],[75.6875100960227,26.9182608016499],[75.6883928156552,26.9219632271768],[75.6886006112518,26.9233469939609],[75.6946032860326,26.9247015198772],[75.6961735168947,26.9247404095149],[75.7040246676121,26.9245070722885],[75.7058193991418,26.9243879089596],[75.7057347625707,26.9238828920948],[75.7058967009687,26.9236691050231],[75.7057057191393,26.9226367664235],[75.7065134150725,26.92205851088],[75.7071738959952,26.9219272496724],[75.7072325829327,26.9217403832048],[75.7074444541857,26.9214163947848],[75.7074194432916,26.921215691606],[75.7074802637279,26.9209800379036],[75.7076433941902,26.9209019901013],[75.7077309278282,26.9206642988802],[75.7078144828277,26.9202811540432],[75.7078463128332,26.9199725080889],[75.7079418046462,26.9196461236794],[75.7086935193675,26.9167263860183],[75.7086802422676,26.9163325072344],[75.709476445155,26.9136833137953],[75.7110529166135,26.9057529656219],[75.711132237853,26.9047872733459]]]},"properties":{"ward_number":49,"vidhansabha":"Sanganer","vidhansabha_hi":"\u0938\u093e\u0902\u0917\u093e\u0928\u0947\u0930","mla":"Bhajan Lal Sharma","mla_party":"BJP","lok_sabha":"Jaipur","mp":"Manju Sharma","mp_party":"BJP","centroid_lat":26.890669,"centroid_lng":75.707516,"parshad":"","parshad_party":"","total_reports":0,"open_reports":0}},{"type":"Feature","geometry":{"type":"Polygon","coordinates":[[[75.7208496861839,26.91525654676],[75.7207028969749,26.9133866130357],[75.7209324641407,26.9127573400914],[75.7210429964465,26.9116959067018],[75.7213460287346,26.9097599606781],[75.7215480553504,26.9081425865362],[75.7213819442779,26.9080465044445],[75.7209464634861,26.9079223980214],[75.7206636262239,26.907910387741],[75.7203403827403,26.9078783605873],[75.7196983855528,26.9078143054517],[75.7189841099176,26.907701125242],[75.7188629451521,26.9081549228223],[75.7187337027355,26.9088896375499],[75.7185398391107,26.9096099414646],[75.7174735891741,26.9095955354313],[75.7163669509823,26.9095667233593],[75.7156480400402,26.9095811293962],[75.7128854833863,26.9096387535255],[75.7102723489035,26.909679633348],[75.709476445155,26.9136833137953],[75.7086802422676,26.9163325072344],[75.7086935193675,26.9167263860183],[75.7079418046462,26.9196461236794],[75.7078463128332,26.9199725080889],[75.7078144828277,26.9202811540432],[75.7077309278282,26.9206642988802],[75.7076433941902,26.9209019901013],[75.7074802637279,26.9209800379036],[75.7074194432916,26.921215691606],[75.7074444541857,26.9214163947848],[75.7072325829327,26.9217403832048],[75.7071738959952,26.9219272496724],[75.7065134150725,26.92205851088],[75.7057057191393,26.9226367664235],[75.7058967009687,26.9236691050231],[75.7057347625707,26.9238828920948],[75.7058193991418,26.9243879089596],[75.7081247124178,26.9242348455818],[75.7096324313159,26.9242434949689],[75.7112640368749,26.9239674110749],[75.7124311712112,26.9239143180025],[75.7149559923184,26.923956792142],[75.7184292277531,26.9231257586293],[75.7202424609845,26.9226536056942],[75.7199094743732,26.9214730813516],[75.7197429815168,26.9206530692982],[75.7196082009865,26.9198542578875],[75.7194734204562,26.9185747355737],[75.7209242903699,26.9184686965158],[75.7208767209824,26.915690453074],[75.7208496861839,26.91525654676]]]},"properties":{"ward_number":50,"vidhansabha":"Sanganer","vidhansabha_hi":"\u0938\u093e\u0902\u0917\u093e\u0928\u0947\u0930","mla":"Bhajan Lal Sharma","mla_party":"BJP","lok_sabha":"Jaipur","mp":"Manju Sharma","mp_party":"BJP","centroid_lat":26.916561,"centroid_lng":75.714345,"parshad":"","parshad_party":"","total_reports":0,"open_reports":0}},{"type":"Feature","geometry":{"type":"Polygon","coordinates":[[[75.7306203776616,26.9207898298315],[75.7300369245796,26.9153369125747],[75.7294075145858,26.9153016354406],[75.7288366810369,26.9153157740104],[75.7279011476522,26.9153369822623],[75.7267515520236,26.9153440519457],[75.7253958217833,26.9153228436952],[75.7229935623218,26.9152662878069],[75.7214396260007,26.9152662878069],[75.7208496861839,26.91525654676],[75.7208767209824,26.915690453074],[75.7209242903699,26.9184686965158],[75.7194734204562,26.9185747355737],[75.7196082009865,26.9198542578875],[75.7197429815168,26.9206530692982],[75.7199094743732,26.9214730813516],[75.7202424609845,26.9226536056942],[75.7220332300455,26.9221510808566],[75.7234073074771,26.9218320291341],[75.724767071153,26.9215512625196],[75.7256258695477,26.921398116799],[75.7265276074131,26.921219446529],[75.7274293461768,26.9210918247343],[75.7306203776616,26.9207898298315]]]},"properties":{"ward_number":51,"vidhansabha":"Sanganer","vidhansabha_hi":"\u0938\u093e\u0902\u0917\u093e\u0928\u0947\u0930","mla":"Bhajan Lal Sharma","mla_party":"BJP","lok_sabha":"Jaipur","mp":"Manju Sharma","mp_party":"BJP","centroid_lat":26.918581,"centroid_lng":75.724393,"parshad":"","parshad_party":"","total_reports":0,"open_reports":0}},{"type":"Feature","geometry":{"type":"Polygon","coordinates":[[[75.7579206148289,26.9200707851072],[75.7592328082189,26.919714212221],[75.7611323650575,26.9191849223904],[75.7655000961398,26.917920187541],[75.7687805809623,26.9168058720937],[75.7692929620341,26.9165941502019],[75.7696366314106,26.9163044265927],[75.7698678281204,26.9157472618669],[75.7691343788437,26.9157560496772],[75.7686883033214,26.9156858497038],[75.7682112332268,26.9155250320055],[75.7679969715568,26.9152901538089],[75.767792591355,26.9150189077284],[75.7676187772289,26.9147747311498],[75.7674637432823,26.9143125647559],[75.7674304157852,26.9138769734121],[75.7675287974785,26.9134497438366],[75.7678610663358,26.9122107330366],[75.768137048554,26.9114949995945],[75.768530748702,26.91036664894],[75.7685499771407,26.9103123447011],[75.7685799054127,26.9101907744681],[75.7681523091341,26.910150103102],[75.7679555340694,26.9101531278416],[75.7676976897351,26.910195482198],[75.7675581750833,26.9102323582073],[75.7671021013118,26.9104018114655],[75.7666460275404,26.9106475186787],[75.7662469626535,26.9110287873506],[75.7659049075495,26.9112575480958],[75.7657338790992,26.9114608907693],[75.7656103598493,26.9117828483186],[75.7655533500664,26.912053970006],[75.7656388642916,26.912452178854],[75.7659410045526,26.9142678233203],[75.7659487291657,26.9144583844179],[75.7659204061831,26.9145410368897],[75.7658895086289,26.9146053221038],[75.7658288382113,26.9146485470911],[75.7643279851368,26.9150868997368],[75.7626513281681,26.9155949212891],[75.7616453345258,26.9159229570676],[75.7603984226058,26.9162887302022],[75.7594542851573,26.9165151605963],[75.7593631268172,26.916523869048],[75.7592556910042,26.9164948400719],[75.759101627238,26.9163420703666],[75.759018013848,26.9162810694401],[75.7589267980157,26.916243791703],[75.758721563516,26.9162336246083],[75.7584631200054,26.91623701364],[75.7581476667119,26.9162573470267],[75.7579082261628,26.9162505697655],[75.7576991908912,26.9162065139535],[75.7570454796724,26.915901511028],[75.7561118543094,26.9154912464023],[75.7555200495901,26.9153776549635],[75.752939412561,26.9153454921554],[75.7489163165443,26.915570309616],[75.7481928161094,26.9155800842781],[75.7477652934926,26.9155800842781],[75.746899287016,26.915501886958],[75.7458030746714,26.9153454921554],[75.7441368336684,26.9151304497488],[75.743526186786,26.9150770673594],[75.743018697041,26.9150327027009],[75.7387544339131,26.9148274344256],[75.7379761236695,26.914778560781],[75.7376582224669,26.9147981102414],[75.73730743484,26.9148567586022],[75.7366497072536,26.9150522521172],[75.7351698217562,26.9154823376196],[75.7344463222197,26.9156973793556],[75.7340407238857,26.9157267033062],[75.7337008984002,26.9157267033062],[75.7331308679451,26.9156680553974],[75.73219908862,26.915570309616],[75.7310809519926,26.9154236895838],[75.7300369245796,26.9153369125747],[75.7306203776616,26.9207898298315],[75.7313664114371,26.9207317196008],[75.7324552036975,26.9206253117212],[75.7340141193802,26.9205082708673],[75.7352973537804,26.920374576109],[75.7354816494492,26.920355374435],[75.7388093012141,26.9199682565208],[75.7393317506035,26.9199120345639],[75.7398992388264,26.9198919549435],[75.7402865717156,26.9199401455458],[75.7405658121234,26.9200325098083],[75.7409036029247,26.9202252694513],[75.7416827737544,26.9208316571645],[75.7426826336999,26.9215986730772],[75.7433625784199,26.9220870794756],[75.7436685715552,26.922267978237],[75.7440044983523,26.922434048608],[75.7442905354135,26.9225556352885],[75.7446198101859,26.9226861188394],[75.7452982663975,26.9228673874815],[75.745929661668,26.9227784744464],[75.746960670696,26.9226336202733],[75.7485103094769,26.9224274815683],[75.7495850583744,26.922238056069],[75.751122199793,26.9218647763964],[75.752396902893,26.9215193513713],[75.7539715355,26.9211182117446],[75.7564834496132,26.9204496430649],[75.7579206148289,26.9200707851072]]]},"properties":{"ward_number":52,"vidhansabha":"Sanganer","vidhansabha_hi":"\u0938\u093e\u0902\u0917\u093e\u0928\u0947\u0930","mla":"Bhajan Lal Sharma","mla_party":"BJP","lok_sabha":"Jaipur","mp":"Manju Sharma","mp_party":"BJP","centroid_lat":26.916455,"centroid_lng":75.753637,"parshad":"","parshad_party":"","total_reports":0,"open_reports":0}},{"type":"Feature","geometry":{"type":"Polygon","coordinates":[[[75.7240193332734,26.9049696177479],[75.723818413382,26.9053278153382],[75.7226484215049,26.9053155772757],[75.7210426865277,26.905324756023],[75.7196599690997,26.9052482643036],[75.7184110638181,26.9051778919721],[75.716528287509,26.9050035290654],[75.7160406181924,26.9051350054191],[75.7145322435241,26.9050642100471],[75.7129902098805,26.9049735230133],[75.7120574621715,26.9049475295642],[75.7111311374168,26.9048006746357],[75.7110529166135,26.9057529656219],[75.7102723489035,26.909679633348],[75.7128854833863,26.9096387535255],[75.7156480400402,26.9095811293962],[75.7163669509823,26.9095667233593],[75.7174735891741,26.9095955354313],[75.7185398391107,26.9096099414646],[75.7187337027355,26.9088896375499],[75.7188629451521,26.9081549228223],[75.7189841099176,26.907701125242],[75.7196983855528,26.9078143054517],[75.7203403827403,26.9078783605873],[75.7206636262239,26.907910387741],[75.7209464634861,26.9079223980214],[75.7213819442779,26.9080465044445],[75.7215480553504,26.9081425865362],[75.7213460287346,26.9097599606781],[75.7210429964465,26.9116959067018],[75.7209324641407,26.9127573400914],[75.7207028969749,26.9133866130357],[75.7208496861839,26.91525654676],[75.7214396260007,26.9152662878069],[75.7229935623218,26.9152662878069],[75.7253958217833,26.9153228436952],[75.7267515520236,26.9153440519457],[75.7279011476522,26.9153369822623],[75.7288366810369,26.9153157740104],[75.7294075145858,26.9153016354406],[75.7300369245796,26.9153369125747],[75.7291614795042,26.9078493486132],[75.728955061025,26.9057372213019],[75.7283921021078,26.90573721249],[75.7269359797446,26.9054237803831],[75.7252957485623,26.9051551237134],[75.7245676873807,26.9050431833124],[75.7240193332734,26.9049696177479]]]},"properties":{"ward_number":53,"vidhansabha":"Sanganer","vidhansabha_hi":"\u0938\u093e\u0902\u0917\u093e\u0928\u0947\u0930","mla":"Bhajan Lal Sharma","mla_party":"BJP","lok_sabha":"Jaipur","mp":"Manju Sharma","mp_party":"BJP","centroid_lat":26.908801,"centroid_lng":75.720859,"parshad":"","parshad_party":"","total_reports":0,"open_reports":0}},{"type":"Feature","geometry":{"type":"Polygon","coordinates":[[[75.7437428514494,26.9150960080018],[75.743869800467,26.9123163277967],[75.7438864498425,26.9111731958241],[75.7435035258846,26.9086642043904],[75.7429848988267,26.9053988052066],[75.7428257955118,26.9054141610516],[75.7395658327019,26.905870987872],[75.7387167855195,26.9059606968758],[75.7360497305601,26.9059125171271],[75.7348621730259,26.9058917525015],[75.7319398492021,26.90583984052],[75.728955061025,26.9057372213019],[75.7291614795042,26.9078493486132],[75.7300369245796,26.9153369125747],[75.7310809519926,26.9154236895838],[75.73219908862,26.915570309616],[75.7331308679451,26.9156680553974],[75.7337008984002,26.9157267033062],[75.7340407238857,26.9157267033062],[75.7344463222197,26.9156973793556],[75.7351698217562,26.9154823376196],[75.7366497072536,26.9150522521172],[75.73730743484,26.9148567586022],[75.7376582224669,26.9147981102414],[75.7379761236695,26.914778560781],[75.7387544339131,26.9148274344256],[75.743018697041,26.9150327027009],[75.743526186786,26.9150770673594],[75.7437428514494,26.9150960080018]]]},"properties":{"ward_number":54,"vidhansabha":"Sanganer","vidhansabha_hi":"\u0938\u093e\u0902\u0917\u093e\u0928\u0947\u0930","mla":"Bhajan Lal Sharma","mla_party":"BJP","lok_sabha":"Jaipur","mp":"Manju Sharma","mp_party":"BJP","centroid_lat":26.911906,"centroid_lng":75.737328,"parshad":"","parshad_party":"","total_reports":0,"open_reports":0}},{"type":"Feature","geometry":{"type":"Polygon","coordinates":[[[75.7603984226058,26.9162887302022],[75.7616453345258,26.9159229570676],[75.7626513281681,26.9155949212891],[75.7643279851368,26.9150868997368],[75.7658288382113,26.9146485470911],[75.7658895086289,26.9146053221038],[75.7659204061831,26.9145410368897],[75.7659487291657,26.9144583844179],[75.7659410045526,26.9142678233203],[75.7656388642916,26.912452178854],[75.7655533500664,26.912053970006],[75.7656103598493,26.9117828483186],[75.7657338790992,26.9114608907693],[75.7659049075495,26.9112575480958],[75.7662469626535,26.9110287873506],[75.7666460275404,26.9106475186787],[75.7671021013118,26.9104018114655],[75.7675581750833,26.9102323582073],[75.7676976897351,26.910195482198],[75.7679555340694,26.9101531278416],[75.7681523091341,26.910150103102],[75.7685799054127,26.9101907744681],[75.7686086532984,26.9100739967498],[75.7686211874915,26.9099314909538],[75.7686211874915,26.9096923395497],[75.7686422224423,26.9094531876389],[75.7686159287539,26.909054598927],[75.7686034313917,26.9086699855961],[75.7686368945343,26.9080964199761],[75.7686501374982,26.908013854907],[75.7687013360795,26.9077704546225],[75.7689959331871,26.9069100061221],[75.7691005357137,26.9066396867669],[75.7691837915742,26.9063845959082],[75.769217947318,26.906220881102],[75.7692328907927,26.90611808279],[75.7692258659672,26.9057725182476],[75.7692156844618,26.9056522160344],[75.7692094088312,26.9054270487767],[75.7692094088312,26.9053356723066],[75.7691901624262,26.9052603998354],[75.7691446744352,26.9052058504136],[75.7685954040463,26.9048804615034],[75.7683974539852,26.904790650705],[75.7680953191141,26.9047070346022],[75.7678452775464,26.9046605806509],[75.7675153604785,26.9046265146215],[75.7673009083657,26.9045767721919],[75.7664714723043,26.9043397018778],[75.7658015437997,26.9041879763592],[75.7651635162674,26.9040267681729],[75.7648338695925,26.9039129737377],[75.7640150677874,26.9034672789641],[75.763249434569,26.903012099081],[75.7627283793649,26.9026422638247],[75.7622604927475,26.9021206998619],[75.762047816604,26.9018362087569],[75.7619308451742,26.9015137854393],[75.7618883099455,26.9012103274053],[75.7619202109179,26.9008879014996],[75.7624876659031,26.8987350197656],[75.76215858876,26.8987427426038],[75.7595431159625,26.8987575057209],[75.7589036017185,26.8987472921884],[75.7585719796482,26.8990170279936],[75.7560251093923,26.9012127908086],[75.7557048797565,26.90147090871],[75.7552491671078,26.9017537392479],[75.7547349507779,26.9020448067977],[75.7539713252942,26.9024512021222],[75.7537988936754,26.9025610382072],[75.7537188358173,26.9026626365107],[75.753611231121,26.9029780934374],[75.7535716073321,26.9031963040836],[75.753456130699,26.9036636669928],[75.7529899356093,26.9059114452909],[75.7525935845328,26.9058698775838],[75.7521632816303,26.9058217090114],[75.751493037817,26.9057390493542],[75.7507646496487,26.9056439945988],[75.7493167576501,26.9054380419538],[75.7480642860568,26.9052241678712],[75.7467762833991,26.905073663585],[75.7464209718565,26.905065742512],[75.7459945990833,26.905065742512],[75.7452484458319,26.9051211916133],[75.7438094363749,26.90531922298],[75.7429848988267,26.9053988052066],[75.7435035258846,26.9086642043904],[75.7438864498425,26.9111731958241],[75.743869800467,26.9123163277967],[75.7437428514494,26.9150960080018],[75.7441368336684,26.9151304497488],[75.7458030746714,26.9153454921554],[75.746899287016,26.915501886958],[75.7477652934926,26.9155800842781],[75.7481928161094,26.9155800842781],[75.7489163165443,26.915570309616],[75.752939412561,26.9153454921554],[75.7555200495901,26.9153776549635],[75.7561118543094,26.9154912464023],[75.7570454796724,26.915901511028],[75.7576991908912,26.9162065139535],[75.7579082261628,26.9162505697655],[75.7581476667119,26.9162573470267],[75.7584631200054,26.91623701364],[75.758721563516,26.9162336246083],[75.7589267980157,26.916243791703],[75.759018013848,26.9162810694401],[75.759101627238,26.9163420703666],[75.7592556910042,26.9164948400719],[75.7593631268172,26.916523869048],[75.7594542851573,26.9165151605963],[75.7603984226058,26.9162887302022]]]},"properties":{"ward_number":55,"vidhansabha":"Sanganer","vidhansabha_hi":"\u0938\u093e\u0902\u0917\u093e\u0928\u0947\u0930","mla":"Bhajan Lal Sharma","mla_party":"BJP","lok_sabha":"Jaipur","mp":"Manju Sharma","mp_party":"BJP","centroid_lat":26.908519,"centroid_lng":75.760128,"parshad":"","parshad_party":"","total_reports":0,"open_reports":0}},{"type":"Feature","geometry":{"type":"Polygon","coordinates":[[[75.728955061025,26.9057372213019],[75.7288466729977,26.9044784488381],[75.7288466729977,26.9040445178514],[75.728878066422,26.9037505643268],[75.7289722466947,26.9034006177794],[75.7290821232303,26.9030506701476],[75.7293175743613,26.9026447304011],[75.731813352037,26.8989772041959],[75.7320225768533,26.8986501269924],[75.7298303767429,26.8984006924656],[75.7290489691082,26.898376935852],[75.72827644132,26.8984323682095],[75.7263140428358,26.8985907475973],[75.7242717275289,26.8988045581366],[75.7233393660955,26.8988916658994],[75.7220074214473,26.8988995850021],[75.7207109952872,26.8988916658994],[75.7199651061405,26.8989629362013],[75.7195744027722,26.8989233415057],[75.7188196337789,26.8989312606062],[75.7163599764625,26.8991767468372],[75.7157206427798,26.899081720205],[75.7145343473785,26.8988245662025],[75.7135920496798,26.8986635410274],[75.7134255963492,26.8985779968855],[75.7130936113595,26.8985784543281],[75.7130897036881,26.8986038948646],[75.713102282797,26.8989123813416],[75.7129890753082,26.8998827078455],[75.7123349867971,26.9018345520773],[75.7122826329823,26.9020023115942],[75.7119639170077,26.9030235907737],[75.7115739799024,26.904235050545],[75.7114104577746,26.9042406597442],[75.7111874177677,26.9044674243254],[75.711132237853,26.9047872733459],[75.7111311374168,26.9048006746357],[75.7120574621715,26.9049475295642],[75.7129902098805,26.9049735230133],[75.7145322435241,26.9050642100471],[75.7160406181924,26.9051350054191],[75.716528287509,26.9050035290654],[75.7184110638181,26.9051778919721],[75.7196599690997,26.9052482643036],[75.7210426865277,26.905324756023],[75.7226484215049,26.9053155772757],[75.723818413382,26.9053278153382],[75.7240193332734,26.9049696177479],[75.7245676873807,26.9050431833124],[75.7252957485623,26.9051551237134],[75.7269359797446,26.9054237803831],[75.7283921021078,26.90573721249],[75.728955061025,26.9057372213019]]]},"properties":{"ward_number":56,"vidhansabha":"Sanganer","vidhansabha_hi":"\u0938\u093e\u0902\u0917\u093e\u0928\u0947\u0930","mla":"Bhajan Lal Sharma","mla_party":"BJP","lok_sabha":"Jaipur","mp":"Manju Sharma","mp_party":"BJP","centroid_lat":26.902153,"centroid_lng":75.720447,"parshad":"","parshad_party":"","total_reports":0,"open_reports":0}},{"type":"Feature","geometry":{"type":"Polygon","coordinates":[[[75.7439959742386,26.9033626540598],[75.7440936848903,26.9018654986563],[75.7437687795234,26.9018638427782],[75.7433965742636,26.9018592957225],[75.7422768853473,26.9018456177033],[75.7389252341914,26.9019002937204],[75.7390274184532,26.8990206642878],[75.7391500402862,26.8975990478006],[75.7392602114692,26.8968270611813],[75.7363499115955,26.8959842698237],[75.7338329696116,26.8951749273879],[75.7323405633958,26.8981325838829],[75.7320225768533,26.8986501269924],[75.731813352037,26.8989772041959],[75.7293175743613,26.9026447304011],[75.7290821232303,26.9030506701476],[75.7289722466947,26.9034006177794],[75.728878066422,26.9037505643268],[75.7288466729977,26.9040445178514],[75.7288466729977,26.9044784488381],[75.728955061025,26.9057372213019],[75.7319398492021,26.90583984052],[75.7348621730259,26.9058917525015],[75.7360497305601,26.9059125171271],[75.7387167855195,26.9059606968758],[75.7395658327019,26.905870987872],[75.7428257955118,26.9054141610516],[75.7438094363749,26.90531922298],[75.7439959742386,26.9033626540598]]]},"properties":{"ward_number":57,"vidhansabha":"Sanganer","vidhansabha_hi":"\u0938\u093e\u0902\u0917\u093e\u0928\u0947\u0930","mla":"Bhajan Lal Sharma","mla_party":"BJP","lok_sabha":"Jaipur","mp":"Manju Sharma","mp_party":"BJP","centroid_lat":26.902198,"centroid_lng":75.736376,"parshad":"","parshad_party":"","total_reports":0,"open_reports":0}},{"type":"Feature","geometry":{"type":"Polygon","coordinates":[[[75.7529899356093,26.9059114452909],[75.753456130699,26.9036636669928],[75.7535716073321,26.9031963040836],[75.753611231121,26.9029780934374],[75.7530800725649,26.9029206998282],[75.7524764532029,26.9028999074151],[75.752359874337,26.9028698735667],[75.7522614297616,26.9028236680002],[75.752160394445,26.9027104651638],[75.7520774943173,26.9025972614127],[75.7519013301985,26.9022576502797],[75.7517173947542,26.9017170431209],[75.7515023713128,26.9010632288863],[75.7512022639393,26.9000482031065],[75.7510693501082,26.9000837726073],[75.75074218997,26.9001518425065],[75.7503309753689,26.9001800513389],[75.7496864763733,26.9000672151663],[75.7487533369989,26.899823910709],[75.7478083344728,26.8995453436979],[75.7464125788968,26.8990164175384],[75.7446688725735,26.8984487007737],[75.7440770642609,26.8982757895345],[75.7438667435001,26.8987595117357],[75.7437715139952,26.9002372252336],[75.7434382093803,26.9002627030487],[75.7433965742636,26.9018592957225],[75.7437687795234,26.9018638427782],[75.7440936848903,26.9018654986563],[75.7439959742386,26.9033626540598],[75.7438094363749,26.90531922298],[75.7452484458319,26.9051211916133],[75.7459945990833,26.905065742512],[75.7464209718565,26.905065742512],[75.7467762833991,26.905073663585],[75.7480642860568,26.9052241678712],[75.7493167576501,26.9054380419538],[75.7507646496487,26.9056439945988],[75.751493037817,26.9057390493542],[75.7521632816303,26.9058217090114],[75.7525935845328,26.9058698775838],[75.7529899356093,26.9059114452909]]]},"properties":{"ward_number":58,"vidhansabha":"Sanganer","vidhansabha_hi":"\u0938\u093e\u0902\u0917\u093e\u0928\u0947\u0930","mla":"Bhajan Lal Sharma","mla_party":"BJP","lok_sabha":"Jaipur","mp":"Manju Sharma","mp_party":"BJP","centroid_lat":26.902542,"centroid_lng":75.749045,"parshad":"","parshad_party":"","total_reports":0,"open_reports":0}},{"type":"Feature","geometry":{"type":"Polygon","coordinates":[[[75.7188196337789,26.8989312606062],[75.7195744027722,26.8989233415057],[75.7199651061405,26.8989629362013],[75.7207109952872,26.8988916658994],[75.7220074214473,26.8988995850021],[75.7233393660955,26.8988916658994],[75.7242717275289,26.8988045581366],[75.7263140428358,26.8985907475973],[75.7276820773005,26.898480337249],[75.7276628246073,26.8980968743711],[75.7274694945818,26.8966235086922],[75.7273288911718,26.8956517041134],[75.7269773821978,26.8939118399234],[75.7265204208908,26.8921249234009],[75.7274506497237,26.8920899090091],[75.7284499652902,26.8920899090091],[75.7289262017482,26.892069020865],[75.7289315772668,26.891534507551],[75.7289418162645,26.8905162851503],[75.7289567579425,26.8891522050307],[75.7289826078632,26.8887487334895],[75.7289834423981,26.8884051179948],[75.7289357993487,26.8877358604487],[75.7289000670616,26.8870187941072],[75.7288702897066,26.8867160318419],[75.7288524240122,26.886535435858],[75.7288126205603,26.8863450904359],[75.7288188018678,26.8862403367008],[75.7288528004063,26.8860969892005],[75.729080814385,26.8851410383668],[75.7231778660754,26.8821531890932],[75.7206078219802,26.8807829096938],[75.7195080181711,26.8816388763503],[75.7184480941707,26.8827546028751],[75.7175123047662,26.8840236223743],[75.7168501960961,26.884935245437],[75.7163690889727,26.8862436401017],[75.7162542878726,26.8865264366575],[75.7162378873305,26.8867653502856],[75.7160246847743,26.8870237672015],[75.7160028179836,26.8872139223957],[75.7158989502789,26.8873699467466],[75.7158661500929,26.8875259708821],[75.7159044174257,26.8876478643626],[75.7159262842163,26.8877795099431],[75.7158716163414,26.8878380185066],[75.7158388161554,26.8879257820963],[75.715811482218,26.8881354385724],[75.715778682032,26.8882524561017],[75.7155818800179,26.8885888805231],[75.7155460156785,26.8888294586789],[75.7154231944196,26.8890222243267],[75.7151234140328,26.8893619073027],[75.7152538682767,26.890000961716],[75.7152647585529,26.8903000008898],[75.7150138312463,26.8905490366896],[75.7150461400538,26.8908560621797],[75.7150570734491,26.8914265074541],[75.7150242732632,26.891582525988],[75.7146689356693,26.8919871979809],[75.7146197358395,26.8921968477218],[75.714625202088,26.8922992340856],[75.71457600136,26.8924064962726],[75.7144447997177,26.8926356464573],[75.7144229329271,26.8927039035113],[75.7144557340114,26.8929623068451],[75.7144174666786,26.8933620988224],[75.7143463991599,26.8942396855369],[75.7141987969755,26.8942933157218],[75.7141277294567,26.8944639569774],[75.7139035935051,26.8951270170309],[75.7138598599238,26.8958437026413],[75.713329366121,26.897048113326],[75.7132846569693,26.8972168076673],[75.7131966220715,26.8979981359983],[75.7131525965378,26.8981944470162],[75.7130936113595,26.8985784543281],[75.7134255963492,26.8985779968855],[75.7135920496798,26.8986635410274],[75.7145343473785,26.8988245662025],[75.7157206427798,26.899081720205],[75.7163599764625,26.8991767468372],[75.7188196337789,26.8989312606062]]]},"properties":{"ward_number":59,"vidhansabha":"Bagru","vidhansabha_hi":"\u092c\u0917\u0930\u0942","mla":"Kailash Chand Verma","mla_party":"BJP","lok_sabha":"Jaipur","mp":"Manju Sharma","mp_party":"BJP","centroid_lat":26.891712,"centroid_lng":75.719528,"parshad":"","parshad_party":"","total_reports":0,"open_reports":0}},{"type":"Feature","geometry":{"type":"Polygon","coordinates":[[[75.7320225768533,26.8986501269924],[75.7323405633958,26.8981325838829],[75.7338329696116,26.8951749273879],[75.7354792338794,26.8920445907367],[75.7370119591801,26.8891218927177],[75.7354913063385,26.8882796888411],[75.7341133922023,26.8875892659659],[75.7310169551135,26.8860150874785],[75.729080814385,26.8851410383668],[75.7288528004063,26.8860969892005],[75.7288188018678,26.8862403367008],[75.7288126205603,26.8863450904359],[75.7288524240122,26.886535435858],[75.7288702897066,26.8867160318419],[75.7289000670616,26.8870187941072],[75.7289357993487,26.8877358604487],[75.7289834423981,26.8884051179948],[75.7289826078632,26.8887487334895],[75.7289567579425,26.8891522050307],[75.7289418162645,26.8905162851503],[75.7289315772668,26.891534507551],[75.7289262017482,26.892069020865],[75.7284499652902,26.8920899090091],[75.7274506497237,26.8920899090091],[75.7265204208908,26.8921249234009],[75.7269773821978,26.8939118399234],[75.7273288911718,26.8956517041134],[75.7274694945818,26.8966235086922],[75.7276628246073,26.8980968743711],[75.7276820773005,26.898480337249],[75.72827644132,26.8984323682095],[75.7290489691082,26.898376935852],[75.7298303767429,26.8984006924656],[75.7320225768533,26.8986501269924]]]},"properties":{"ward_number":60,"vidhansabha":"Bagru","vidhansabha_hi":"\u092c\u0917\u0930\u0942","mla":"Kailash Chand Verma","mla_party":"BJP","lok_sabha":"Jaipur","mp":"Manju Sharma","mp_party":"BJP","centroid_lat":26.89177,"centroid_lng":75.729849,"parshad":"","parshad_party":"","total_reports":0,"open_reports":0}},{"type":"Feature","geometry":{"type":"Polygon","coordinates":[[[75.7389252341914,26.9019002937204],[75.7422768853473,26.9018456177033],[75.7433965742636,26.9018592957225],[75.7434382093803,26.9002627030487],[75.7437715139952,26.9002372252336],[75.7438667435001,26.8987595117357],[75.7440770642609,26.8982757895345],[75.7437915554091,26.8981923712931],[75.7446529598165,26.8965279038922],[75.7456726204276,26.8948607337129],[75.7463693887962,26.8936633875705],[75.7423077397824,26.8916324159486],[75.7393847125777,26.8901470555338],[75.7370119591801,26.8891218927177],[75.7354792338794,26.8920445907367],[75.7338329696116,26.8951749273879],[75.7363499115955,26.8959842698237],[75.7392602114692,26.8968270611813],[75.7391500402862,26.8975990478006],[75.7390274184532,26.8990206642878],[75.7389252341914,26.9019002937204]]]},"properties":{"ward_number":61,"vidhansabha":"Bagru","vidhansabha_hi":"\u092c\u0917\u0930\u0942","mla":"Kailash Chand Verma","mla_party":"BJP","lok_sabha":"Jaipur","mp":"Manju Sharma","mp_party":"BJP","centroid_lat":26.896945,"centroid_lng":75.740998,"parshad":"","parshad_party":"","total_reports":0,"open_reports":0}},{"type":"Feature","geometry":{"type":"Polygon","coordinates":[[[75.7560251093923,26.9012127908086],[75.7585719796482,26.8990170279936],[75.7589036017185,26.8987472921884],[75.7570636561839,26.8987969250285],[75.7567945802135,26.8987819271872],[75.7565591398624,26.8987469324836],[75.7563012757652,26.8986719440254],[75.7560490171553,26.8985719596041],[75.7557519128498,26.8984369794934],[75.7554534889191,26.8982770537138],[75.754471645585,26.8977963200682],[75.7529026211602,26.8969722024325],[75.7513817266719,26.8962081700762],[75.7511677183268,26.8961030265165],[75.7497741995558,26.8954183788562],[75.7477623829511,26.8943538694665],[75.7463693887962,26.8936633875705],[75.7456726204276,26.8948607337129],[75.7446529598165,26.8965279038922],[75.7437915554091,26.8981923712931],[75.7440770642609,26.8982757895345],[75.7446688725735,26.8984487007737],[75.7464125788968,26.8990164175384],[75.7478083344728,26.8995453436979],[75.7487533369989,26.899823910709],[75.7496864763733,26.9000672151663],[75.7503309753689,26.9001800513389],[75.75074218997,26.9001518425065],[75.7510693501082,26.9000837726073],[75.7512022639393,26.9000482031065],[75.7515023713128,26.9010632288863],[75.7517173947542,26.9017170431209],[75.7519013301985,26.9022576502797],[75.7520774943173,26.9025972614127],[75.752160394445,26.9027104651638],[75.7522614297616,26.9028236680002],[75.752359874337,26.9028698735667],[75.7524764532029,26.9028999074151],[75.7530800725649,26.9029206998282],[75.753611231121,26.9029780934374],[75.7537188358173,26.9026626365107],[75.7537988936754,26.9025610382072],[75.7539713252942,26.9024512021222],[75.7547349507779,26.9020448067977],[75.7552491671078,26.9017537392479],[75.7557048797565,26.90147090871],[75.7560251093923,26.9012127908086]]]},"properties":{"ward_number":62,"vidhansabha":"Bagru","vidhansabha_hi":"\u092c\u0917\u0930\u0942","mla":"Kailash Chand Verma","mla_party":"BJP","lok_sabha":"Jaipur","mp":"Manju Sharma","mp_party":"BJP","centroid_lat":26.899659,"centroid_lng":75.752054,"parshad":"","parshad_party":"","total_reports":0,"open_reports":0}},{"type":"Feature","geometry":{"type":"Polygon","coordinates":[[[75.7434959584767,26.8796180681197],[75.7424359563229,26.8797507791133],[75.7399416042735,26.8799818627565],[75.7373327763142,26.8802505640732],[75.7364772253291,26.8803096782771],[75.7358927993716,26.8802344420122],[75.7352601734092,26.8800732212758],[75.7337840473613,26.8794767017507],[75.7332056464043,26.8792026245248],[75.7326874963518,26.8788694317081],[75.7320970453937,26.8783535175111],[75.7302051934053,26.8765263036953],[75.7296508924508,26.8761232374005],[75.7291086414975,26.8759512623525],[75.728482041434,26.875849152044],[75.7262588135138,26.875800783971],[75.7256201634491,26.875779287043],[75.7251200875001,26.8756879250534],[75.7248007624677,26.8755481940075],[75.7244633615352,26.8753439725702],[75.72340898553,26.8745109594534],[75.7225052345401,26.8739036619344],[75.7220714344962,26.8736994375265],[75.7217942835698,26.8736349455316],[75.7212520335148,26.8735489561478],[75.719336081524,26.8733501054474],[75.7187637055677,26.8733071106553],[75.7185287305439,26.8733662284902],[75.7182817046205,26.8734844640671],[75.7180943942057,26.8737273140125],[75.7179538276267,26.8741034724188],[75.7176961216329,26.8753050811435],[75.7174969848974,26.8766007147048],[75.716905197246,26.8785664488969],[75.7199893974841,26.8804399213974],[75.7206078219802,26.8807829096938],[75.7231778660754,26.8821531890932],[75.729080814385,26.8851410383668],[75.7310169551135,26.8860150874785],[75.7341133922023,26.8875892659659],[75.7354913063385,26.8882796888411],[75.7370119591801,26.8891218927177],[75.7376955887894,26.8879621261694],[75.7392492439379,26.8856141221607],[75.7406734267011,26.8835162744416],[75.7418386673888,26.8819380514297],[75.7434959584767,26.8796180681197]]]},"properties":{"ward_number":63,"vidhansabha":"Bagru","vidhansabha_hi":"\u092c\u0917\u0930\u0942","mla":"Kailash Chand Verma","mla_party":"BJP","lok_sabha":"Jaipur","mp":"Manju Sharma","mp_party":"BJP","centroid_lat":26.878681,"centroid_lng":75.728805,"parshad":"","parshad_party":"","total_reports":0,"open_reports":0}},{"type":"Feature","geometry":{"type":"Polygon","coordinates":[[[75.7490491046113,26.8794601044316],[75.7471105375332,26.879404602671],[75.7445402005871,26.8794873296745],[75.7434959584767,26.8796180681197],[75.7418386673888,26.8819380514297],[75.7406734267011,26.8835162744416],[75.7392492439379,26.8856141221607],[75.7376955887894,26.8879621261694],[75.7370119591801,26.8891218927177],[75.7393847125777,26.8901470555338],[75.7423077397824,26.8916324159486],[75.7463693887962,26.8936633875705],[75.7477623829511,26.8943538694665],[75.7497741995558,26.8954183788562],[75.7511677183268,26.8961030265165],[75.7512282072848,26.8945411449937],[75.7513446720647,26.8914844172532],[75.7513696290599,26.8906608672734],[75.7513945851568,26.8899040870381],[75.7513696290599,26.889340207849],[75.7513280343673,26.8887985838405],[75.7513197150695,26.8884721245324],[75.7515526446294,26.8869733680414],[75.7516275147167,26.8864168934472],[75.7518354881797,26.8857194421352],[75.7520434607444,26.8851258632452],[75.752392854186,26.8843171064387],[75.7524760435712,26.884094511858],[75.7525093189659,26.8838496570725],[75.752493138511,26.883551387638],[75.752484362869,26.8833896259932],[75.752451086576,26.8831150903342],[75.7523845357865,26.8827663554282],[75.7522597517087,26.8823582595627],[75.751857823891,26.8812047005812],[75.7513214425298,26.879476837965],[75.7496082744346,26.8794761088176],[75.7490491046113,26.8794601044316]]]},"properties":{"ward_number":64,"vidhansabha":"Bagru","vidhansabha_hi":"\u092c\u0917\u0930\u0942","mla":"Kailash Chand Verma","mla_party":"BJP","lok_sabha":"Jaipur","mp":"Manju Sharma","mp_party":"BJP","centroid_lat":26.886104,"centroid_lng":75.748556,"parshad":"","parshad_party":"","total_reports":0,"open_reports":0}},{"type":"Feature","geometry":{"type":"Polygon","coordinates":[[[75.7093159683161,26.8765429142657],[75.7098209751177,26.8765241450422],[75.7102432210304,26.8765552139388],[75.7104730990133,26.8765949679154],[75.7108494284386,26.8767898778231],[75.7114631475593,26.8757399614683],[75.7112053759885,26.8756297210997],[75.7097501600255,26.8750593691663],[75.7082728949138,26.8746070195878],[75.7063320155722,26.8739145131437],[75.7059546423045,26.8748088080253],[75.7054150027537,26.875216109022],[75.7051313462281,26.8767342160979],[75.7049621180016,26.8779210654787],[75.7051962378292,26.8779624439538],[75.706328011781,26.8779818659749],[75.7067805129525,26.878007092402],[75.7069472151164,26.8780032791518],[75.7071837181745,26.8779630969902],[75.7074572632634,26.8779130471505],[75.7076270969544,26.8778394679244],[75.7079953406438,26.8774228262962],[75.7082708853825,26.8770684464529],[75.7085444304714,26.8768119370573],[75.7089021432108,26.8766430159375],[75.7093159683161,26.8765429142657]]]},"properties":{"ward_number":65,"vidhansabha":"Bagru","vidhansabha_hi":"\u092c\u0917\u0930\u0942","mla":"Kailash Chand Verma","mla_party":"BJP","lok_sabha":"Jaipur","mp":"Manju Sharma","mp_party":"BJP","centroid_lat":26.876646,"centroid_lng":75.708067,"parshad":"","parshad_party":"","total_reports":0,"open_reports":0}},{"type":"Feature","geometry":{"type":"Polygon","coordinates":[[[75.7128149332972,26.8763180719996],[75.7114631475593,26.8757399614683],[75.7108494284386,26.8767898778231],[75.7109982433486,26.876866952913],[75.7113963371567,26.8770029459677],[75.7114895086213,26.8770633871838],[75.7116334995782,26.8772749299837],[75.7119638334644,26.8774789187682],[75.7122009949876,26.8777206816196],[75.7121671150266,26.878627288308],[75.7122460616688,26.8793531320311],[75.7122861085641,26.8796201770357],[75.7123856275246,26.8798045371653],[75.712795828826,26.880022242111],[75.7132382958159,26.8803963227521],[75.7133536628545,26.880406864054],[75.7134722683198,26.8803774780492],[75.7140191725462,26.8800601063061],[75.7141509562967,26.8799601927507],[75.714303772303,26.8799454568239],[75.7144809012124,26.8798315387742],[75.7146385573414,26.8795899230617],[75.7150141420633,26.8795487823554],[75.7152148239012,26.8795356849526],[75.7155280996784,26.8793783405245],[75.71573871868,26.8792602425186],[75.7158944622957,26.8792540639839],[75.7161429605578,26.8791661518364],[75.71642546185,26.878919864129],[75.716905197246,26.8785664488969],[75.7128149332972,26.8763180719996]]]},"properties":{"ward_number":66,"vidhansabha":"Bagru","vidhansabha_hi":"\u092c\u0917\u0930\u0942","mla":"Kailash Chand Verma","mla_party":"BJP","lok_sabha":"Jaipur","mp":"Manju Sharma","mp_party":"BJP","centroid_lat":26.878716,"centroid_lng":75.713485,"parshad":"","parshad_party":"","total_reports":0,"open_reports":0}},{"type":"Feature","geometry":{"type":"Polygon","coordinates":[[[75.740426637933,26.8799369282381],[75.7400203964054,26.8778076437806],[75.7403494304293,26.8770484834122],[75.7403494304293,26.876625855703],[75.7403625916466,26.8760740897944],[75.7404371724764,26.8755184076977],[75.7406126574688,26.8754049226909],[75.7406740770814,26.8751270807401],[75.7408013027802,26.8749862023512],[75.7409433030704,26.8749113687989],[75.7410307684363,26.8740629106578],[75.7407902382308,26.8740239009995],[75.7409433030704,26.8732144461496],[75.7414134300861,26.8704837138663],[75.7407574389432,26.870473960944],[75.7404185099763,26.8676846443168],[75.740363843898,26.8664362565591],[75.7403857106887,26.8646709351894],[75.7403939653078,26.8635589665511],[75.7388432710065,26.8636254340678],[75.7386931445562,26.863615513067],[75.7386264212902,26.8635609515537],[75.738576379739,26.8634518268457],[75.7384429341052,26.8628317993353],[75.7382038438991,26.8615272496443],[75.7381093195716,26.8612097905312],[75.7380370366323,26.8611254658054],[75.7378257474875,26.8610312197892],[75.7375421754035,26.860946894129],[75.7372363628296,26.8609022517669],[75.7371084777675,26.8608278464552],[75.7370417545014,26.8607336001911],[75.7369138694393,26.8599250647866],[75.7369027491944,26.8596621653988],[75.7369249896842,26.859305017946],[75.7370361948281,26.8584667087785],[75.7371029171959,26.8579061789657],[75.7370417545014,26.8575887096916],[75.7366191771103,26.8562543370085],[75.7360075510643,26.8540568047403],[75.7358518649407,26.8537145207962],[75.7355349312236,26.8526926261362],[75.7351046031682,26.8511703052612],[75.7342195982217,26.8513457682756],[75.7331890329614,26.8515829938323],[75.7321630221597,26.8518191705861],[75.7311172286587,26.8519817588125],[75.7297306242205,26.8522247006088],[75.7284502015471,26.8525348003561],[75.7277290268505,26.8527458392413],[75.7264309127559,26.8530392337785],[75.7259058968797,26.8531627681351],[75.7251731833233,26.853332627555],[75.7226900341638,26.8542174935452],[75.7224220101207,26.8543749988074],[75.7221660585366,26.8544489363155],[75.721774846722,26.8544751433422],[75.721518741526,26.8545248701567],[75.7210769994766,26.8550960573552],[75.720714385529,26.8553763207537],[75.7202700311788,26.8555359497966],[75.7198663148154,26.8557195806205],[75.7193817770259,26.8559278310092],[75.7185215781576,26.8564890334004],[75.7177425744146,26.8570861334034],[75.7168030605949,26.8579140384299],[75.7159567874101,26.8585477849705],[75.7153384895765,26.858950378569],[75.7145715780555,26.8593295112483],[75.7138991351664,26.8597081618165],[75.7130648850334,26.8601118363788],[75.712352626116,26.8605996263186],[75.7116685653153,26.8612809499628],[75.7110798013933,26.8620949467259],[75.7106661820022,26.862859640034],[75.7104524314736,26.8632117580475],[75.7100366866685,26.8636375211793],[75.7092305205662,26.8642226061937],[75.7086667576568,26.8647217377634],[75.7086288325822,26.8651334970117],[75.7084577493346,26.8658364428257],[75.708043495733,26.8665042930364],[75.7074678005017,26.8672576839806],[75.7070542134499,26.8680344714982],[75.7069223281898,26.8685314346521],[75.7068761673606,26.8697905827741],[75.7067177377821,26.8703603090063],[75.7065200176898,26.8711239103256],[75.7065362978577,26.8715717127434],[75.7067441778959,26.8724422312353],[75.7066149211063,26.8733628549995],[75.7063320155722,26.8739145131437],[75.7082728949138,26.8746070195878],[75.7097501600255,26.8750593691663],[75.7112053759885,26.8756297210997],[75.7128149332972,26.8763180719996],[75.716905197246,26.8785664488969],[75.7174969848974,26.8766007147048],[75.7176961216329,26.8753050811435],[75.7179538276267,26.8741034724188],[75.7180943942057,26.8737273140125],[75.7182817046205,26.8734844640671],[75.7185287305439,26.8733662284902],[75.7187637055677,26.8733071106553],[75.719336081524,26.8733501054474],[75.7212520335148,26.8735489561478],[75.7217942835698,26.8736349455316],[75.7220714344962,26.8736994375265],[75.7225052345401,26.8739036619344],[75.72340898553,26.8745109594534],[75.7244633615352,26.8753439725702],[75.7248007624677,26.8755481940075],[75.7251200875001,26.8756879250534],[75.7256201634491,26.875779287043],[75.7262588135138,26.875800783971],[75.728482041434,26.875849152044],[75.7291086414975,26.8759512623525],[75.7296508924508,26.8761232374005],[75.7302051934053,26.8765263036953],[75.7320970453937,26.8783535175111],[75.7326874963518,26.8788694317081],[75.7332056464043,26.8792026245248],[75.7337840473613,26.8794767017507],[75.7352601734092,26.8800732212758],[75.7358927993716,26.8802344420122],[75.7364772253291,26.8803096782771],[75.7373327763142,26.8802505640732],[75.7399416042735,26.8799818627565],[75.740426637933,26.8799369282381]]]},"properties":{"ward_number":67,"vidhansabha":"Bagru","vidhansabha_hi":"\u092c\u0917\u0930\u0942","mla":"Kailash Chand Verma","mla_party":"BJP","lok_sabha":"Jaipur","mp":"Manju Sharma","mp_party":"BJP","centroid_lat":26.866545,"centroid_lng":75.7263,"parshad":"","parshad_party":"","total_reports":0,"open_reports":0}},{"type":"Feature","geometry":{"type":"Polygon","coordinates":[[[75.7403939653078,26.8635589665511],[75.7403857106887,26.8646709351894],[75.740363843898,26.8664362565591],[75.7404185099763,26.8676846443168],[75.7407574389432,26.870473960944],[75.7414134300861,26.8704837138663],[75.7409433030704,26.8732144461496],[75.7407902382308,26.8740239009995],[75.7410307684363,26.8740629106578],[75.7409433030704,26.8749113687989],[75.7408013027802,26.8749862023512],[75.7406740770814,26.8751270807401],[75.7406126574688,26.8754049226909],[75.7404371724764,26.8755184076977],[75.7403625916466,26.8760740897944],[75.7403494304293,26.876625855703],[75.7403494304293,26.8770484834122],[75.7400203964054,26.8778076437806],[75.740426637933,26.8799369282381],[75.7424359563229,26.8797507791133],[75.7434959584767,26.8796180681197],[75.7445402005871,26.8794873296745],[75.7471105375332,26.879404602671],[75.7490491046113,26.8794601036303],[75.7478064749602,26.8770220965202],[75.7477365294372,26.876766767305],[75.7477394274024,26.8765237540166],[75.7478364706059,26.8763264510184],[75.7489263147934,26.873980843161],[75.7514913543742,26.8687372846907],[75.7541084216813,26.8635757040407],[75.752004345402,26.8635361498373],[75.7500749447331,26.8635014287073],[75.7486570843128,26.8635311901345],[75.7475005554868,26.8635063892129],[75.7466665209495,26.8634716672724],[75.7452987029787,26.8633476625448],[75.7448816852609,26.8633377415196],[75.7434805065555,26.863377423211],[75.742229453402,26.8634319856141],[75.7406948290628,26.8635460708451],[75.7403939653078,26.8635589665511]]]},"properties":{"ward_number":68,"vidhansabha":"Bagru","vidhansabha_hi":"\u092c\u0917\u0930\u0942","mla":"Kailash Chand Verma","mla_party":"BJP","lok_sabha":"Jaipur","mp":"Manju Sharma","mp_party":"BJP","centroid_lat":26.871354,"centroid_lng":75.743944,"parshad":"","parshad_party":"","total_reports":0,"open_reports":0}},{"type":"Feature","geometry":{"type":"Polygon","coordinates":[[[75.7527784542251,26.8794160663171],[75.7528335784442,26.8776951626637],[75.7529015692331,26.8771161505257],[75.7529694037151,26.876430407852],[75.7530824602869,26.8758808020588],[75.7533311849245,26.8751849676412],[75.7534668529902,26.8748320070858],[75.7545578506146,26.8726284957635],[75.7550835644818,26.871488905425],[75.755716682721,26.8702181986486],[75.7568698617293,26.8679994696767],[75.7577517046061,26.8662143704278],[75.7584106574945,26.8648276902462],[75.7568668164405,26.8642256505944],[75.7548345326204,26.8634398623246],[75.7542767039818,26.8632448252265],[75.7541084216813,26.8635757040407],[75.7514913543742,26.8687372846907],[75.7489263147934,26.873980843161],[75.7478364706059,26.8763264510184],[75.7477394274024,26.8765237540166],[75.7477365294372,26.876766767305],[75.7478064749602,26.8770220965202],[75.7490491046113,26.8794601036303],[75.7496082744346,26.8794761088176],[75.7513214425298,26.879476837965],[75.7527784542251,26.8794160663171]]]},"properties":{"ward_number":69,"vidhansabha":"Bagru","vidhansabha_hi":"\u092c\u0917\u0930\u0942","mla":"Kailash Chand Verma","mla_party":"BJP","lok_sabha":"Jaipur","mp":"Manju Sharma","mp_party":"BJP","centroid_lat":26.873022,"centroid_lng":75.752746,"parshad":"","parshad_party":"","total_reports":0,"open_reports":0}},{"type":"Feature","geometry":{"type":"Polygon","coordinates":[[[75.7579082189763,26.880120240609],[75.7577335334845,26.8789386666079],[75.7577629003094,26.8786243436521],[75.7578020551777,26.8784322565705],[75.7579097308409,26.8782314377267],[75.7581544498907,26.8776988300925],[75.7585264215885,26.8769741303896],[75.7587417738133,26.8764677115514],[75.7589081822281,26.8759612896435],[75.7591431114378,26.8751056069215],[75.7594171964142,26.8743459644573],[75.7596521256239,26.8736387060432],[75.7597598021854,26.8732981729033],[75.7598772667903,26.8727044206069],[75.7603275482248,26.8713073435622],[75.7606016332011,26.8706087981663],[75.7610029708257,26.869788002493],[75.7612476898754,26.8694649219838],[75.7618643797246,26.8688187573949],[75.7624908585156,26.8682599096059],[75.7632873398808,26.8677618249801],[75.7625855634044,26.8667823372802],[75.762248507425,26.8663347611115],[75.7617384835325,26.8661332412316],[75.7604521337749,26.8656431095423],[75.7592264849777,26.8651458307817],[75.7584106574945,26.8648276902462],[75.7577517046061,26.8662143704278],[75.7568698617293,26.8679994696767],[75.755716682721,26.8702181986486],[75.7550835644818,26.871488905425],[75.7545578506146,26.8726284957635],[75.7534668529902,26.8748320070858],[75.7533311849245,26.8751849676412],[75.7530824602869,26.8758808020588],[75.7529694037151,26.876430407852],[75.7529015692331,26.8771161505257],[75.7528335784442,26.8776951626637],[75.7527784542251,26.8794160663171],[75.7528134301306,26.8794146072203],[75.7547561519169,26.8792499070342],[75.7553141602186,26.879428498687],[75.7568353736089,26.87981982037],[75.7579082189763,26.880120240609]]]},"properties":{"ward_number":70,"vidhansabha":"Bagru","vidhansabha_hi":"\u092c\u0917\u0930\u0942","mla":"Kailash Chand Verma","mla_party":"BJP","lok_sabha":"Jaipur","mp":"Manju Sharma","mp_party":"BJP","centroid_lat":26.873513,"centroid_lng":75.757858,"parshad":"","parshad_party":"","total_reports":0,"open_reports":0}},{"type":"Feature","geometry":{"type":"Polygon","coordinates":[[[75.7434805065555,26.863377423211],[75.7448816852609,26.8633377415196],[75.7452987029787,26.8633476625448],[75.7466665209495,26.8634716672724],[75.7475005554868,26.8635063892129],[75.7486570843128,26.8635311901345],[75.7500749447331,26.8635014287073],[75.752004345402,26.8635361498373],[75.7541084216813,26.8635757040407],[75.7542767039818,26.8632448252265],[75.7563443041689,26.8590753698385],[75.7567299230727,26.8583643959541],[75.7573726209461,26.8576763525089],[75.7584106170703,26.8567468920048],[75.7559867549229,26.8534614495269],[75.7557946223517,26.8531679030079],[75.755732179558,26.8530329143592],[75.7556985565152,26.8529343514098],[75.7556937532234,26.8528443590767],[75.7557489915285,26.8524072508376],[75.7557537948203,26.8522872596838],[75.755734581653,26.8521994091231],[75.7556821856174,26.8521025661713],[75.7555685226829,26.8519279362415],[75.755010208954,26.8512206113814],[75.7540499090169,26.8501347089609],[75.7531711662263,26.8491596442689],[75.7528567540802,26.848738866354],[75.7522977998525,26.8478778249447],[75.7517301113053,26.8470284659274],[75.7516820756922,26.8469349583658],[75.7516209399472,26.8468882041553],[75.7515248696191,26.8468804120522],[75.7513589301249,26.8468648270429],[75.7511493217281,26.8468102814969],[75.7509964832639,26.8467206690109],[75.7505554329173,26.8463544286226],[75.7501624172856,26.8459726027187],[75.749795603714,26.845532331666],[75.7494680914362,26.8451154371811],[75.7490357745108,26.8443673594796],[75.7488654683059,26.8441179991472],[75.7485866204619,26.8438091026557],[75.7478118918013,26.8444139392007],[75.7467391910627,26.8450387131552],[75.7458094616931,26.8456888423308],[75.743570765682,26.84730351398],[75.7412516372153,26.8485115122792],[75.7409299091895,26.8486669961374],[75.7407154229407,26.8488105193243],[75.7404607209132,26.8491214868071],[75.7402328300038,26.8495042141658],[75.7398038584044,26.8501620238147],[75.7394955350394,26.8505088668237],[75.739214021894,26.8507361086887],[75.7390094018419,26.8508405587012],[75.7387658838397,26.8509648640607],[75.7384427975613,26.8510420745648],[75.7383335687109,26.8510671034296],[75.7373869977264,26.8512840005233],[75.7371504524475,26.851320031783],[75.7370595088047,26.8513284254772],[75.7369831394292,26.8513354743205],[75.7368042884493,26.8513097370241],[75.7367497005245,26.8512935034415],[75.7366312064503,26.8512582640166],[75.7364754331902,26.85118105366],[75.7361869634912,26.8510935484721],[75.7358465684738,26.8510575163387],[75.7355927153543,26.8510781059016],[75.7353619390561,26.8511192850162],[75.7351261780064,26.8511660278614],[75.7351046031682,26.8511703052612],[75.7355349312236,26.8526926261362],[75.7358518649407,26.8537145207962],[75.7360075510643,26.8540568047403],[75.7366191771103,26.8562543370085],[75.7370417545014,26.8575887096916],[75.7371029171959,26.8579061789657],[75.7370361948281,26.8584667087785],[75.7369249896842,26.859305017946],[75.7369027491944,26.8596621653988],[75.7369138694393,26.8599250647866],[75.7370417545014,26.8607336001911],[75.7371084777675,26.8608278464552],[75.7372363628296,26.8609022517669],[75.7375421754035,26.860946894129],[75.7378257474875,26.8610312197892],[75.7380370366323,26.8611254658054],[75.7381093195716,26.8612097905312],[75.7382038438991,26.8615272496443],[75.7384429341052,26.8628317993353],[75.738576379739,26.8634518268457],[75.7386264212902,26.8635609515537],[75.7386931445562,26.863615513067],[75.7388432710065,26.8636254340678],[75.7406948290628,26.8635460708451],[75.742229453402,26.8634319856141],[75.7434805065555,26.863377423211]]]},"properties":{"ward_number":71,"vidhansabha":"Bagru","vidhansabha_hi":"\u092c\u0917\u0930\u0942","mla":"Kailash Chand Verma","mla_party":"BJP","lok_sabha":"Jaipur","mp":"Manju Sharma","mp_party":"BJP","centroid_lat":26.854019,"centroid_lng":75.744473,"parshad":"","parshad_party":"","total_reports":0,"open_reports":0}},{"type":"Feature","geometry":{"type":"Polygon","coordinates":[[[75.7637573896414,26.8608043343826],[75.7588451716991,26.8563577737355],[75.7573726209461,26.8576763525089],[75.7567299230727,26.8583643959541],[75.7563443041689,26.8590753698385],[75.7542767039818,26.8632448252265],[75.7548345326204,26.8634398623246],[75.7568668164405,26.8642256505944],[75.7584106574945,26.8648276902462],[75.7590134593895,26.8636903821426],[75.759066373753,26.8636235091693],[75.7591325167074,26.8635802390136],[75.7598468624112,26.8633048803212],[75.7609757042618,26.8628761067611],[75.7619149369089,26.862490602966],[75.7621486426132,26.8623725915011],[75.7623250241243,26.8622545791117],[75.762457310033,26.8621444345847],[75.7626160531235,26.8619949523833],[75.762823301646,26.8617943319406],[75.7633656756685,26.8612121362006],[75.7637573896414,26.8608043343826]]]},"properties":{"ward_number":72,"vidhansabha":"Bagru","vidhansabha_hi":"\u092c\u0917\u0930\u0942","mla":"Kailash Chand Verma","mla_party":"BJP","lok_sabha":"Jaipur","mp":"Manju Sharma","mp_party":"BJP","centroid_lat":26.861825,"centroid_lng":75.759858,"parshad":"","parshad_party":"","total_reports":0,"open_reports":0}},{"type":"Feature","geometry":{"type":"Polygon","coordinates":[[[75.763880859484,26.8674390960827],[75.7641451546203,26.8674303638129],[75.766983887512,26.8675351494034],[75.7676005782596,26.8675438808638],[75.7682172681089,26.8674827566203],[75.7689220575347,26.8674041678008],[75.7696268460622,26.8672382585147],[75.7705991735426,26.8669565011364],[75.7637573896414,26.8608043343826],[75.7633656756685,26.8612121362006],[75.762823301646,26.8617943319406],[75.7626160531235,26.8619949523833],[75.762457310033,26.8621444345847],[75.7623250241243,26.8622545791117],[75.7621486426132,26.8623725915011],[75.7619149369089,26.862490602966],[75.7609757042618,26.8628761067611],[75.7598468624112,26.8633048803212],[75.7591325167074,26.8635802390136],[75.759066373753,26.8636235091693],[75.7590134593895,26.8636903821426],[75.7584106574945,26.8648276902462],[75.7592264849777,26.8651458307817],[75.7604521337749,26.8656431095423],[75.7617384835325,26.8661332412316],[75.762248507425,26.8663347611115],[75.7625855634044,26.8667823372802],[75.7632873398808,26.8677618249801],[75.7636850842442,26.8675089526142],[75.763880859484,26.8674390960827]]]},"properties":{"ward_number":73,"vidhansabha":"Malviya Nagar","vidhansabha_hi":"\u092e\u093e\u0932\u0935\u0940\u092f \u0928\u0917\u0930","mla":"Kali Charan Saraf","mla_party":"BJP","lok_sabha":"Jaipur","mp":"Manju Sharma","mp_party":"BJP","centroid_lat":26.864958,"centroid_lng":75.763164,"parshad":"","parshad_party":"","total_reports":0,"open_reports":0}},{"type":"Feature","geometry":{"type":"Polygon","coordinates":[[[75.7587521861857,26.8366766817547],[75.7586028978637,26.836418275647],[75.7576018054295,26.8372522120954],[75.7559241908567,26.8384651277549],[75.7547769964248,26.8391896365152],[75.7539352246979,26.8396549147275],[75.7529221181952,26.8401600724288],[75.7523485214284,26.8404259435339],[75.7517153304257,26.8406187003159],[75.7508065147342,26.8408313965488],[75.74994984355,26.8410307989542],[75.7487132586625,26.8412036133936],[75.747878935766,26.8413830754653],[75.747141453952,26.8414827762262],[75.7473221904956,26.8418053026327],[75.7476182096362,26.8423335522673],[75.7478118918013,26.8427589378904],[75.7480577193721,26.843104562833],[75.7485866204619,26.8438091026557],[75.7488654683059,26.8441179991472],[75.7490357745108,26.8443673594796],[75.7494680914362,26.8451154371811],[75.749795603714,26.845532331666],[75.7501624172856,26.8459726027187],[75.7505554329173,26.8463544286226],[75.7509964832639,26.8467206690109],[75.7511493217281,26.8468102814969],[75.7513589301249,26.8468648270429],[75.7515248696191,26.8468804120522],[75.7516209399472,26.8468882041553],[75.7516820756922,26.8469349583658],[75.7517301113053,26.8470284659274],[75.7522977998525,26.8478778249447],[75.7528567540802,26.848738866354],[75.7531711662263,26.8491596442689],[75.7540499090169,26.8501347089609],[75.755010208954,26.8512206113814],[75.7555685226829,26.8519279362415],[75.7556821856174,26.8521025661713],[75.755734581653,26.8521994091231],[75.7557537948203,26.8522872596838],[75.7557489915285,26.8524072508376],[75.7556937532234,26.8528443590767],[75.7556985565152,26.8529343514098],[75.755732179558,26.8530329143592],[75.7557946223517,26.8531679030079],[75.7559867549229,26.8534614495269],[75.7584106170703,26.8567468920048],[75.7605242595091,26.8548542341155],[75.7609818667047,26.8544786384134],[75.761171261211,26.8542238625876],[75.7621807960121,26.8521188902021],[75.7648704903133,26.8462152344103],[75.7641400845289,26.8456285911366],[75.7638649107944,26.8452799562405],[75.7634026197829,26.8446219659329],[75.7631164389912,26.8441800304997],[75.7625826016589,26.8431684823159],[75.7617845985477,26.8418131904669],[75.7612892863646,26.841002952885],[75.7600785226516,26.838969970145],[75.759423609487,26.837865071971],[75.7587521861857,26.8366766817547]]]},"properties":{"ward_number":74,"vidhansabha":"Malviya Nagar","vidhansabha_hi":"\u092e\u093e\u0932\u0935\u0940\u092f \u0928\u0917\u0930","mla":"Kali Charan Saraf","mla_party":"BJP","lok_sabha":"Jaipur","mp":"Manju Sharma","mp_party":"BJP","centroid_lat":26.845707,"centroid_lng":75.754758,"parshad":"","parshad_party":"","total_reports":0,"open_reports":0}},{"type":"Feature","geometry":{"type":"Polygon","coordinates":[[[75.7703458189881,26.8402465047929],[75.7679675571212,26.8393575346826],[75.7678034160541,26.8397306300538],[75.7648704903133,26.8462152344103],[75.7621807960121,26.8521188902021],[75.761171261211,26.8542238625876],[75.7609818667047,26.8544786384134],[75.7605242595091,26.8548542341155],[75.7588451716991,26.8563577737355],[75.7637573896414,26.8608043343826],[75.7655713100839,26.8590262204332],[75.7660437754144,26.8585398782672],[75.7662712324375,26.8583303199753],[75.7663339815568,26.8582438036475],[75.7663682091657,26.8581674659862],[75.7663767656188,26.8580453259416],[75.7663389348672,26.8549120015604],[75.7663405715977,26.8547481320404],[75.7663647856862,26.854599610607],[75.7664041345906,26.8544510889786],[75.7665252077279,26.8542161535378],[75.7675209956103,26.8521984024967],[75.7682604079038,26.8507001165147],[75.7694684164838,26.8480160264787],[75.7697850366888,26.8472043962192],[75.7708228639299,26.8450965906073],[75.7708820386525,26.8449178926463],[75.7708956939432,26.8447595005807],[75.7708911421796,26.8446173540569],[75.7707940711283,26.8442904882703],[75.7703856637625,26.8421307520853],[75.7703358575699,26.8416330293422],[75.7703657409262,26.8409842090244],[75.7705749253182,26.8403087210173],[75.7703458189881,26.8402465047929]]]},"properties":{"ward_number":75,"vidhansabha":"Malviya Nagar","vidhansabha_hi":"\u092e\u093e\u0932\u0935\u0940\u092f \u0928\u0917\u0930","mla":"Kali Charan Saraf","mla_party":"BJP","lok_sabha":"Jaipur","mp":"Manju Sharma","mp_party":"BJP","centroid_lat":26.849965,"centroid_lng":75.767106,"parshad":"","parshad_party":"","total_reports":0,"open_reports":0}},{"type":"Feature","geometry":{"type":"Polygon","coordinates":[[[75.7736959528896,26.8676403684244],[75.7749948125858,26.8662871085848],[75.7754269696111,26.8658928351437],[75.7754466130715,26.8657000781335],[75.7753287523095,26.8655598915934],[75.7743662218557,26.8644822005627],[75.7741304994335,26.8643157268339],[75.7740224599526,26.8641404914869],[75.7740224599526,26.8639039229373],[75.7742090732748,26.8635709735324],[75.7748671305429,26.8627561202982],[75.7750172965191,26.8623949091887],[75.7749431396941,26.8617223353828],[75.774892523221,26.861029950385],[75.7748419058497,26.8599010540558],[75.7748419058497,26.8593290752847],[75.7749093953787,26.8589828763925],[75.775009720128,26.8586577110092],[75.7759533742828,26.8579661840014],[75.7761711771116,26.8572215652099],[75.7762753691082,26.8568605744513],[75.776425200911,26.8562674154693],[75.7765642394558,26.855796777462],[75.7760354299941,26.8543787623636],[75.7755475396919,26.8543255556364],[75.7750102995413,26.8541269251953],[75.7748070197757,26.8540146561492],[75.7743907799989,26.8535785317955],[75.7740035800603,26.8535353507655],[75.7738438605011,26.8544550961695],[75.772697138583,26.8543295964923],[75.7724965789161,26.8542724915405],[75.7721765379264,26.8541430517798],[75.7711438715067,26.8537166630544],[75.76991064542,26.8531989029848],[75.7686304805632,26.8526544907033],[75.7675209956103,26.8521984024967],[75.7665252077279,26.8542161535378],[75.7664041345906,26.8544510889786],[75.7663647856862,26.854599610607],[75.7663405715977,26.8547481320404],[75.7663389348672,26.8549120015604],[75.7663767656188,26.8580453259416],[75.7663682091657,26.8581674659862],[75.7663339815568,26.8582438036475],[75.7662712324375,26.8583303199753],[75.7660437754144,26.8585398782672],[75.7655713100839,26.8590262204332],[75.7637573896414,26.8608043343826],[75.7705991735426,26.8669565011364],[75.7712920153752,26.8666025268288],[75.7717045289402,26.8663046317991],[75.771881320083,26.8663046317991],[75.7720679334052,26.8664360562208],[75.772796496745,26.8677600411886],[75.7736959528896,26.8676403684244]]]},"properties":{"ward_number":76,"vidhansabha":"Malviya Nagar","vidhansabha_hi":"\u092e\u093e\u0932\u0935\u0940\u092f \u0928\u0917\u0930","mla":"Kali Charan Saraf","mla_party":"BJP","lok_sabha":"Jaipur","mp":"Manju Sharma","mp_party":"BJP","centroid_lat":26.859382,"centroid_lng":75.772166,"parshad":"","parshad_party":"","total_reports":0,"open_reports":0}},{"type":"Feature","geometry":{"type":"Polygon","coordinates":[[[75.7840395602111,26.8687330047497],[75.7822194234268,26.867250806015],[75.7816849249345,26.8667601823311],[75.781127187924,26.8664215821765],[75.7802595968192,26.8660622499317],[75.7774476732489,26.8652053752009],[75.7772617606126,26.8658411211509],[75.7769131747565,26.8666841701561],[75.7764561406861,26.8665114146587],[75.7762934665679,26.8664077612335],[75.7762160030443,26.8662280952319],[75.7760533298244,26.8659447750954],[75.7758984027773,26.8657789285784],[75.7756660131049,26.8657167367731],[75.7754466130715,26.8657000781335],[75.7754269696111,26.8658928351437],[75.7749948125858,26.8662871085848],[75.7736959528896,26.8676403684244],[75.772796496745,26.8677600411886],[75.7711936516482,26.868230469158],[75.7710026752087,26.8684312408569],[75.770984030675,26.8686673872484],[75.7698065764927,26.8696061165656],[75.769433585207,26.8702715573651],[75.7693525005745,26.8705030145695],[75.7693200660028,26.8707923356091],[75.7693362832886,26.8711539846656],[75.7694984534519,26.8715156333669],[75.7697741419211,26.8718338832992],[75.7700822649618,26.872195529826],[75.7703579534309,26.8727018323791],[75.7705525572676,26.8732659957083],[75.770698510145,26.8738012252496],[75.7712498879816,26.8744666421624],[75.7714607091041,26.8749874002838],[75.771525577349,26.8755515522085],[75.7713309735124,26.8760433749336],[75.7703602890507,26.878203368444],[75.7703741707168,26.8786471052393],[75.770470848306,26.8788540634408],[75.7712555500629,26.8783916114281],[75.7723272384002,26.8778576768403],[75.7728486008282,26.877564873112],[75.7732927243113,26.8772634573064],[75.7735920240994,26.8770137111427],[75.7759767735993,26.8745506732826],[75.7766043393517,26.8739047629211],[75.7768746747601,26.8735861125571],[75.7771546661594,26.8733191342304],[75.777376727901,26.8731296656165],[75.7776470633094,26.8729488083335],[75.7800125026239,26.8718119873634],[75.7804855904868,26.8715363930924],[75.7810455723872,26.8711660613568],[75.7831599855804,26.8695985992808],[75.7835558344986,26.8693057741633],[75.7838068606199,26.8690215602349],[75.7840395602111,26.8687330047497]]]},"properties":{"ward_number":77,"vidhansabha":"Malviya Nagar","vidhansabha_hi":"\u092e\u093e\u0932\u0935\u0940\u092f \u0928\u0917\u0930","mla":"Kali Charan Saraf","mla_party":"BJP","lok_sabha":"Jaipur","mp":"Manju Sharma","mp_party":"BJP","centroid_lat":26.870918,"centroid_lng":75.774985,"parshad":"","parshad_party":"","total_reports":0,"open_reports":0}},{"type":"Feature","geometry":{"type":"Polygon","coordinates":[[[75.7790162583974,26.8741230321249],[75.7783972697593,26.8725882628116],[75.7776470633094,26.8729488083335],[75.777376727901,26.8731296656165],[75.7771546661594,26.8733191342304],[75.7768746747601,26.8735861125571],[75.7766043393517,26.8739047629211],[75.7759767735993,26.8745506732826],[75.7735920240994,26.8770137111427],[75.7732927243113,26.8772634573064],[75.7728486008282,26.877564873112],[75.7723272384002,26.8778576768403],[75.7712555500629,26.8783916114281],[75.770470848306,26.8788540634408],[75.7705363408801,26.878994264749],[75.7708768975942,26.8797175108372],[75.7710228504716,26.8801948503679],[75.7709255485533,26.8806432586609],[75.7707471611042,26.8809614820982],[75.7704714726351,26.8813230994272],[75.7704552553492,26.8815545340067],[75.7705039063084,26.8817136445546],[75.7706822937575,26.8818872197335],[75.7712661052674,26.882118653158],[75.7717714740901,26.8822114561911],[75.7727776105645,26.8824762381519],[75.7735616098388,26.8828020377362],[75.7741228817199,26.8831516739213],[75.7747077613267,26.8829426539953],[75.7752485067035,26.8827630759628],[75.7759383436714,26.8826628635311],[75.7778474361267,26.8821427561219],[75.7771141198007,26.8809144262575],[75.7770901644271,26.8808826430418],[75.7769073042661,26.8805570382381],[75.77678202342,26.8802716915735],[75.7767238575053,26.8800641670753],[75.7766465862212,26.8793802347068],[75.7766375042537,26.8792826153656],[75.7766481465949,26.8786682963394],[75.7779117905354,26.8782228441087],[75.7800683086643,26.8773116861328],[75.7801402511422,26.8771141705687],[75.7799946746588,26.8764376915094],[75.779725255532,26.875590253645],[75.7790162583974,26.8741230321249]]]},"properties":{"ward_number":78,"vidhansabha":"Malviya Nagar","vidhansabha_hi":"\u092e\u093e\u0932\u0935\u0940\u092f \u0928\u0917\u0930","mla":"Kali Charan Saraf","mla_party":"BJP","lok_sabha":"Jaipur","mp":"Manju Sharma","mp_party":"BJP","centroid_lat":26.878786,"centroid_lng":75.77495,"parshad":"","parshad_party":"","total_reports":0,"open_reports":0}},{"type":"Feature","geometry":{"type":"Polygon","coordinates":[[[75.7876746882297,26.8672346957232],[75.7875580069558,26.8647905445824],[75.7873355948712,26.8648845839199],[75.7871509093336,26.8650030575549],[75.7869039696485,26.8651770662826],[75.7867226267421,26.8653697865202],[75.7864522904355,26.865697073039],[75.7855640443674,26.8668425675951],[75.7840395602111,26.8687330047497],[75.7838068606199,26.8690215602349],[75.7835558344986,26.8693057741633],[75.7831599855804,26.8695985992808],[75.7810455723872,26.8711660613568],[75.7804855904868,26.8715363930924],[75.7800125026239,26.8718119873634],[75.7783972697593,26.8725882628116],[75.7790162583974,26.8741230321249],[75.779725255532,26.875590253645],[75.7799946746588,26.8764376915094],[75.7801402511422,26.8771141705687],[75.7814831696099,26.8765983485211],[75.7829177476776,26.8761637126849],[75.7830166045796,26.8758181775052],[75.7837542274291,26.875614358001],[75.785333145,26.8755601997159],[75.7868816267508,26.875497115846],[75.7882604670501,26.8753853519885],[75.7879937877849,26.8714892852495],[75.7878142307293,26.8688529175599],[75.7876746882297,26.8672346957232]]]},"properties":{"ward_number":79,"vidhansabha":"Malviya Nagar","vidhansabha_hi":"\u092e\u093e\u0932\u0935\u0940\u092f \u0928\u0917\u0930","mla":"Kali Charan Saraf","mla_party":"BJP","lok_sabha":"Jaipur","mp":"Manju Sharma","mp_party":"BJP","centroid_lat":26.871008,"centroid_lng":75.784129,"parshad":"","parshad_party":"","total_reports":0,"open_reports":0}},{"type":"Feature","geometry":{"type":"Polygon","coordinates":[[[75.7867226267421,26.8653697865202],[75.7869039696485,26.8651770662826],[75.7871509093336,26.8650030575549],[75.7873355948712,26.8648845839199],[75.7875580069558,26.8647905445824],[75.7875009109346,26.8637848318959],[75.7867781686778,26.8639919134652],[75.7859514284606,26.8639286981278],[75.7839967779457,26.8640235219221],[75.7833767230074,26.864171025266],[75.782868867648,26.8643132610236],[75.7824023500631,26.864418620877],[75.782112991032,26.8644238890675],[75.7815578941701,26.8643185292189],[75.7813334932155,26.864171025266],[75.7812271982629,26.8639866460561],[75.7812803452901,26.8632385873162],[75.781268535139,26.8631174224126],[75.7811917660131,26.8630647422927],[75.7810972812116,26.863033133568],[75.7809614595339,26.8630647422927],[75.7808138277051,26.8631490311138],[75.7806602903517,26.8632175151336],[75.7804299838724,26.8632122468869],[75.7801996773931,26.8630700105462],[75.780028424364,26.8628329477111],[75.7798866971616,26.8624536472635],[75.7798276446098,26.8623746262103],[75.7797095386078,26.8623166774562],[75.7795500957297,26.8622903376136],[75.7791898739958,26.8622376563072],[75.7788355559898,26.8620901504422],[75.7783926596053,26.8621164903314],[75.7779202364957,26.8621006862383],[75.7773887608342,26.8619742518115],[75.7771053073278,26.8617635282542],[75.7770344437266,26.8614369051232],[75.7769753902765,26.8610365274056],[75.7769872013258,26.8596668039094],[75.7769635801254,26.8594666120955],[75.776810042772,26.8593243702438],[75.7766151676442,26.8592611514966],[75.7764380090904,26.8592453470046],[75.7763317141377,26.8591821282133],[75.7762962827863,26.859013544597],[75.776313998462,26.8588080839768],[75.7762608505366,26.8587027188977],[75.7762017979847,26.8585868175981],[75.7761604611086,26.8584287700343],[75.7760955030321,26.8583339407489],[75.775936060154,26.8582601852954],[75.7757529960755,26.8581864297939],[75.7757148104894,26.8581410081714],[75.775009720128,26.8586577110092],[75.7749093953787,26.8589828763925],[75.7748419058497,26.8593290752847],[75.7748419058497,26.8599010540558],[75.774892523221,26.861029950385],[75.7749431396941,26.8617223353828],[75.7750172965191,26.8623949091887],[75.7748671305429,26.8627561202982],[75.7742090732748,26.8635709735324],[75.7740224599526,26.8639039229373],[75.7740224599526,26.8641404914869],[75.7741304994335,26.8643157268339],[75.7743662218557,26.8644822005627],[75.7753287523095,26.8655598915934],[75.7754466130715,26.8657000781335],[75.7756660131049,26.8657167367731],[75.7758984027773,26.8657789285784],[75.7760533298244,26.8659447750954],[75.7762160030443,26.8662280952319],[75.7762934665679,26.8664077612335],[75.7764561406861,26.8665114146587],[75.7769131747565,26.8666841701561],[75.7772617606126,26.8658411211509],[75.7774476732489,26.8652053752009],[75.7802595968192,26.8660622499317],[75.781127187924,26.8664215821765],[75.7816849249345,26.8667601823311],[75.7822194234268,26.867250806015],[75.7840395602111,26.8687330047497],[75.7855640443674,26.8668425675951],[75.7864522904355,26.865697073039],[75.7867226267421,26.8653697865202]]]},"properties":{"ward_number":80,"vidhansabha":"Malviya Nagar","vidhansabha_hi":"\u092e\u093e\u0932\u0935\u0940\u092f \u0928\u0917\u0930","mla":"Kali Charan Saraf","mla_party":"BJP","lok_sabha":"Jaipur","mp":"Manju Sharma","mp_party":"BJP","centroid_lat":26.86297,"centroid_lng":75.779136,"parshad":"","parshad_party":"","total_reports":0,"open_reports":0}},{"type":"Feature","geometry":{"type":"Polygon","coordinates":[[[75.7839967779457,26.8640235219221],[75.7859514284606,26.8639286981278],[75.7867781686778,26.8639919134652],[75.7875009109346,26.8637848318959],[75.7872681475631,26.8592187828551],[75.7882220155627,26.8591483554118],[75.7877168201148,26.8550295078897],[75.7873254385186,26.8548370056585],[75.7871315003336,26.851606220899],[75.7867513593565,26.851666114667],[75.785740102485,26.8518254435886],[75.7831701985269,26.8521679023533],[75.7809420119063,26.852476950751],[75.7794581145328,26.852652355638],[75.7792334234224,26.852644002916],[75.7790883104697,26.8526147691856],[75.7789993700701,26.8525563009007],[75.7789525597589,26.8524894798522],[75.7789197919123,26.8524017769157],[75.7788729816012,26.8522096661328],[75.7784563663286,26.8497247240831],[75.7784105333845,26.8495371907772],[75.7782157786309,26.8491841902602],[75.7773547003119,26.8494528886098],[75.7768364505464,26.8496036649282],[75.7764759287751,26.8497996736816],[75.7760872421247,26.8500107593436],[75.7757210870183,26.8502469746429],[75.775600806195,26.8503180760504],[75.7754218483157,26.8503837979668],[75.7753227120376,26.8504670423066],[75.7752877235556,26.8505658959325],[75.7752935545201,26.850701168838],[75.7753402067277,26.8509769172605],[75.7754743314879,26.8511850289083],[75.7757250872163,26.8515232090188],[75.7760574836343,26.8517729417447],[75.7763315659157,26.8519498352251],[75.7765881526086,26.8520903095218],[75.7766805892514,26.8521839915486],[75.7767293084825,26.8522528124047],[75.7767861475855,26.852386832226],[75.7768185525127,26.8525099609586],[75.7768214136469,26.8526886228901],[75.7767845701438,26.8536639000158],[75.7766956171677,26.8539776023064],[75.776690164394,26.854290846907],[75.7767689744922,26.8544587587419],[75.7760354299941,26.8543787623636],[75.7765642394558,26.855796777462],[75.776425200911,26.8562674154693],[75.7762753691082,26.8568605744513],[75.7761711771116,26.8572215652099],[75.7759533742828,26.8579661840014],[75.7757148104894,26.8581410081714],[75.7757529960755,26.8581864297939],[75.775936060154,26.8582601852954],[75.7760955030321,26.8583339407489],[75.7761604611086,26.8584287700343],[75.7762017979847,26.8585868175981],[75.7762608505366,26.8587027188977],[75.776313998462,26.8588080839768],[75.7762962827863,26.859013544597],[75.7763317141377,26.8591821282133],[75.7764380090904,26.8592453470046],[75.7766151676442,26.8592611514966],[75.776810042772,26.8593243702438],[75.7769635801254,26.8594666120955],[75.7769872013258,26.8596668039094],[75.7769753902765,26.8610365274056],[75.7770344437266,26.8614369051232],[75.7771053073278,26.8617635282542],[75.7773887608342,26.8619742518115],[75.7779202364957,26.8621006862383],[75.7783926596053,26.8621164903314],[75.7788355559898,26.8620901504422],[75.7791898739958,26.8622376563072],[75.7795500957297,26.8622903376136],[75.7797095386078,26.8623166774562],[75.7798276446098,26.8623746262103],[75.7798866971616,26.8624536472635],[75.780028424364,26.8628329477111],[75.7801996773931,26.8630700105462],[75.7804299838724,26.8632122468869],[75.7806602903517,26.8632175151336],[75.7808138277051,26.8631490311138],[75.7809614595339,26.8630647422927],[75.7810972812116,26.863033133568],[75.7811917660131,26.8630647422927],[75.781268535139,26.8631174224126],[75.7812803452901,26.8632385873162],[75.7812271982629,26.8639866460561],[75.7813334932155,26.864171025266],[75.7815578941701,26.8643185292189],[75.782112991032,26.8644238890675],[75.7824023500631,26.864418620877],[75.782868867648,26.8643132610236],[75.7833767230074,26.864171025266],[75.7839967779457,26.8640235219221]]]},"properties":{"ward_number":81,"vidhansabha":"Malviya Nagar","vidhansabha_hi":"\u092e\u093e\u0932\u0935\u0940\u092f \u0928\u0917\u0930","mla":"Kali Charan Saraf","mla_party":"BJP","lok_sabha":"Jaipur","mp":"Manju Sharma","mp_party":"BJP","centroid_lat":26.857165,"centroid_lng":75.779028,"parshad":"","parshad_party":"","total_reports":0,"open_reports":0}},{"type":"Feature","geometry":{"type":"Polygon","coordinates":[[[75.7767845701438,26.8536639000158],[75.7768214136469,26.8526886228901],[75.7768185525127,26.8525099609586],[75.7767861475855,26.852386832226],[75.7767293084825,26.8522528124047],[75.7766805892514,26.8521839915486],[75.7765881526086,26.8520903095218],[75.7763315659157,26.8519498352251],[75.7760574836343,26.8517729417447],[75.7757250872163,26.8515232090188],[75.7754743314879,26.8511850289083],[75.7753402067277,26.8509769172605],[75.7752935545201,26.850701168838],[75.7752877235556,26.8505658959325],[75.7753227120376,26.8504670423066],[75.7754218483157,26.8503837979668],[75.775600806195,26.8503180760504],[75.7757210870183,26.8502469746429],[75.7760872421247,26.8500107593436],[75.7764759287751,26.8497996736816],[75.7768364505464,26.8496036649282],[75.7773547003119,26.8494528886098],[75.7782157786309,26.8491841902602],[75.7777884536435,26.8483873981836],[75.7771730474868,26.8479108332878],[75.7751530023141,26.8471228478373],[75.7762710742628,26.8448678378024],[75.7760361845789,26.8448007733658],[75.7763180516606,26.8441720442445],[75.7763650290583,26.8440043832504],[75.776324831246,26.8437160044132],[75.7746828636203,26.8439326238427],[75.7733475664594,26.8440922377673],[75.7723125527419,26.8442062471177],[75.7712583707728,26.8441891460832],[75.7707639928377,26.8441314316755],[75.7707940711283,26.8442904882703],[75.7708911421796,26.8446173540569],[75.7708956939432,26.8447595005807],[75.7708820386525,26.8449178926463],[75.7708228639299,26.8450965906073],[75.7697850366888,26.8472043962192],[75.7694684164838,26.8480160264787],[75.7682604079038,26.8507001165147],[75.7675209956103,26.8521984024967],[75.7686304805632,26.8526544907033],[75.76991064542,26.8531989029848],[75.7711438715067,26.8537166630544],[75.7721765379264,26.8541430517798],[75.7724965789161,26.8542724915405],[75.772697138583,26.8543295964923],[75.7738438605011,26.8544550961695],[75.7740035800603,26.8535353507655],[75.7743907799989,26.8535785317955],[75.7748070197757,26.8540146561492],[75.7750102995413,26.8541269251953],[75.7755475396919,26.8543255556364],[75.7767689744922,26.8544587587419],[75.776690164394,26.854290846907],[75.7766956171677,26.8539776023064],[75.7767845701438,26.8536639000158]]]},"properties":{"ward_number":82,"vidhansabha":"Malviya Nagar","vidhansabha_hi":"\u092e\u093e\u0932\u0935\u0940\u092f \u0928\u0917\u0930","mla":"Kali Charan Saraf","mla_party":"BJP","lok_sabha":"Jaipur","mp":"Manju Sharma","mp_party":"BJP","centroid_lat":26.849934,"centroid_lng":75.774401,"parshad":"","parshad_party":"","total_reports":0,"open_reports":0}},{"type":"Feature","geometry":{"type":"Polygon","coordinates":[[[75.772908231895,26.8187704370489],[75.7714796770313,26.8178890459928],[75.7697121051659,26.8182885509384],[75.7686423464097,26.8185176789058],[75.7676219608583,26.8187703055716],[75.7670393530909,26.8189201190266],[75.7662230450091,26.8191815577502],[75.7654067360289,26.8194224326231],[75.7640045287525,26.8197514329129],[75.7628853958934,26.820109806655],[75.7618748846236,26.8204182418824],[75.7611342820623,26.8206150531272],[75.7609334969182,26.8206738024589],[75.7607590431917,26.8207031767125],[75.7606043398251,26.8207061140573],[75.760192894357,26.8207090522037],[75.7596958672901,26.8207678014867],[75.7592811303947,26.8208471129304],[75.7584088644572,26.821052735438],[75.7573391057011,26.8213641054268],[75.7569539925489,26.821469853984],[75.7560488114411,26.8218164722269],[75.7553707486916,26.8220250302863],[75.7552555433496,26.8220514676815],[75.7551469217605,26.8220602796107],[75.7550514667784,26.8220632169203],[75.7543273222514,26.8220720296503],[75.7540771630044,26.8221072789602],[75.7539092930306,26.8221454655665],[75.7535834273646,26.8222570880038],[75.7529622100063,26.8224691036332],[75.7511307436697,26.823024792111],[75.7514150820167,26.8238917503198],[75.7517191662319,26.8245542998104],[75.752082488052,26.82529790054],[75.7524813517162,26.8260873108684],[75.7528012319074,26.8270458722422],[75.7530855702544,26.827722499106],[75.7539307349181,26.8291887759835],[75.7543163879578,26.8297867157865],[75.7550043213956,26.8306264990865],[75.756071995162,26.831868973296],[75.7565838183799,26.8326105228339],[75.7569580538323,26.8332047412354],[75.7572167174302,26.833720382783],[75.7573873245706,26.8341820026034],[75.7578551195599,26.8351396121457],[75.7586028978637,26.836418275647],[75.7587521861857,26.8366766817547],[75.759423609487,26.837865071971],[75.7600785226516,26.838969970145],[75.7612892863646,26.841002952885],[75.7617845985477,26.8418131904669],[75.7625826016589,26.8431684823159],[75.7631164389912,26.8441800304997],[75.7634026197829,26.8446219659329],[75.7638649107944,26.8452799562405],[75.7641400845289,26.8456285911366],[75.7648704903133,26.8462152344103],[75.7678034160541,26.8397306300538],[75.7679675571212,26.8393575346826],[75.7703121645043,26.8340280603357],[75.7704847964474,26.8337097056707],[75.769754767057,26.8333942101743],[75.7695097524616,26.833008408766],[75.7671579163354,26.8313168416178],[75.7688490442651,26.8303852007338],[75.7759124623098,26.8249188198243],[75.7738902054849,26.8220328721997],[75.7735360365993,26.8214722181137],[75.7733086613228,26.8209482635604],[75.7730276907598,26.8200210901653],[75.7729231439287,26.8194612831283],[75.772908231895,26.8187704370489]]]},"properties":{"ward_number":83,"vidhansabha":"Malviya Nagar","vidhansabha_hi":"\u092e\u093e\u0932\u0935\u0940\u092f \u0928\u0917\u0930","mla":"Kali Charan Saraf","mla_party":"BJP","lok_sabha":"Jaipur","mp":"Manju Sharma","mp_party":"BJP","centroid_lat":26.827464,"centroid_lng":75.761596,"parshad":"","parshad_party":"","total_reports":0,"open_reports":0}},{"type":"Feature","geometry":{"type":"Polygon","coordinates":[[[75.7712224013305,26.8403353849885],[75.7773285943715,26.8396243398669],[75.7782350600702,26.8396332281789],[75.7788526527263,26.8395265707935],[75.7801643736025,26.8391843471113],[75.7801991806248,26.8389181388453],[75.7808028278345,26.8376191023337],[75.7808265002388,26.837249454729],[75.7807554830258,26.8364890338526],[75.7807436468236,26.8353167079636],[75.7809350472679,26.8344151624416],[75.7811672914132,26.8338412801686],[75.7816523268694,26.8332470514796],[75.7783076870642,26.8284120801575],[75.7771834427912,26.826901820447],[75.7759124623098,26.8249188198243],[75.7688490442651,26.8303852007338],[75.7671579163354,26.8313168416178],[75.7695097524616,26.833008408766],[75.769754767057,26.8333942101743],[75.7704847964474,26.8337097056707],[75.7703121645043,26.8340280603357],[75.7679675571212,26.8393575346826],[75.7703458189881,26.8402465047929],[75.7705749253182,26.8403087210173],[75.7708339159028,26.8403442724431],[75.7712224013305,26.8403353849885]]]},"properties":{"ward_number":84,"vidhansabha":"Malviya Nagar","vidhansabha_hi":"\u092e\u093e\u0932\u0935\u0940\u092f \u0928\u0917\u0930","mla":"Kali Charan Saraf","mla_party":"BJP","lok_sabha":"Jaipur","mp":"Manju Sharma","mp_party":"BJP","centroid_lat":26.835632,"centroid_lng":75.775233,"parshad":"","parshad_party":"","total_reports":0,"open_reports":0}},{"type":"Feature","geometry":{"type":"Polygon","coordinates":[[[75.7707639928377,26.8441314316755],[75.7712583707728,26.8441891460832],[75.7723125527419,26.8442062471177],[75.7733475664594,26.8440922377673],[75.7746828636203,26.8439326238427],[75.776324831246,26.8437160044132],[75.7763650290583,26.8440043832504],[75.7763180516606,26.8441720442445],[75.7760361845789,26.8448007733658],[75.7762710742628,26.8448678378024],[75.7751530023141,26.8471228478373],[75.7771730474868,26.8479108332878],[75.7777884536435,26.8483873981836],[75.7782954367387,26.8481159979097],[75.7784692212203,26.8479508754471],[75.7786641206027,26.8475161487633],[75.7789889514094,26.8463713610161],[75.7790701600094,26.8457627350191],[75.7789763121134,26.8447646606815],[75.7789208698907,26.8441141350608],[75.7789682146994,26.8434488073111],[75.7791220853278,26.8429418881152],[75.7793860328161,26.8424957116784],[75.7801238937191,26.8420260062878],[75.7802353818324,26.8418502130248],[75.7802228539275,26.8409036284227],[75.7801163272095,26.8395518090026],[75.7801643736025,26.8391843471113],[75.7788526527263,26.8395265707935],[75.7782350600702,26.8396332281789],[75.7773285943715,26.8396243398669],[75.7712224013305,26.8403353849885],[75.7708339159028,26.8403442724431],[75.7705749253182,26.8403087210173],[75.7703657409262,26.8409842090244],[75.7703358575699,26.8416330293422],[75.7703856637625,26.8421307520853],[75.7707639928377,26.8441314316755]]]},"properties":{"ward_number":85,"vidhansabha":"Malviya Nagar","vidhansabha_hi":"\u092e\u093e\u0932\u0935\u0940\u092f \u0928\u0917\u0930","mla":"Kali Charan Saraf","mla_party":"BJP","lok_sabha":"Jaipur","mp":"Manju Sharma","mp_party":"BJP","centroid_lat":26.843452,"centroid_lng":75.776116,"parshad":"","parshad_party":"","total_reports":0,"open_reports":0}},{"type":"Feature","geometry":{"type":"Polygon","coordinates":[[[75.7938532738044,26.8412130121575],[75.7938796411546,26.8392516649571],[75.7909976364157,26.8392717613121],[75.790072887306,26.8391686191688],[75.7893407944855,26.8391170484627],[75.7886472331024,26.8389967169909],[75.7878188121372,26.8388420037657],[75.7871059845863,26.8387388620324],[75.786761355809,26.8387202252046],[75.786136324204,26.8387762046121],[75.7854298773864,26.8389279554054],[75.7856032675076,26.8393920924916],[75.7859307824804,26.8405610225619],[75.7860463767929,26.8413173819874],[75.786161970207,26.8425894296995],[75.7863290586465,26.8462186616093],[75.7866732104184,26.8516784274644],[75.7871315003336,26.851606220899],[75.787327510932,26.8515753383003],[75.7886203213731,26.8513875716301],[75.789762805938,26.8511729813409],[75.790739930422,26.8508242713533],[75.794063157984,26.8496078734604],[75.7939427882275,26.8485625986196],[75.7937531799222,26.8443133096665],[75.7938532738044,26.8412130121575]]]},"properties":{"ward_number":86,"vidhansabha":"Malviya Nagar","vidhansabha_hi":"\u092e\u093e\u0932\u0935\u0940\u092f \u0928\u0917\u0930","mla":"Kali Charan Saraf","mla_party":"BJP","lok_sabha":"Jaipur","mp":"Manju Sharma","mp_party":"BJP","centroid_lat":26.843579,"centroid_lng":75.789076,"parshad":"","parshad_party":"","total_reports":0,"open_reports":0}},{"type":"Feature","geometry":{"type":"Polygon","coordinates":[[[75.786136324204,26.8387762046121],[75.786761355809,26.8387202252046],[75.7871059845863,26.8387388620324],[75.7878188121372,26.8388420037657],[75.7886472331024,26.8389967169909],[75.7893407944855,26.8391170484627],[75.790072887306,26.8391686191688],[75.7909976364157,26.8392717613121],[75.7938796411546,26.8392516649571],[75.7938318175439,26.8316848420608],[75.7939733291506,26.8304852141849],[75.7889072154271,26.8306493745393],[75.7849767402077,26.8312542332794],[75.782908186908,26.8319559226057],[75.7816523268694,26.8332470514796],[75.7811672914132,26.8338412801686],[75.7809350472679,26.8344151624416],[75.7807436468236,26.8353167079636],[75.7807554830258,26.8364890338526],[75.7808265002388,26.837249454729],[75.7808028278345,26.8376191023337],[75.7801991806248,26.8389181388453],[75.7801643736025,26.8391843471113],[75.7801163272095,26.8395518090026],[75.7802228539275,26.8409036284227],[75.7802353818324,26.8418502130248],[75.7801238937191,26.8420260062878],[75.7793860328161,26.8424957116784],[75.7791220853278,26.8429418881152],[75.7789682146994,26.8434488073111],[75.7789208698907,26.8441141350608],[75.7789763121134,26.8447646606815],[75.7790701600094,26.8457627350191],[75.7789889514094,26.8463713610161],[75.7786641206027,26.8475161487633],[75.7784692212203,26.8479508754471],[75.7782954367387,26.8481159979097],[75.7777884536435,26.8483873981836],[75.7782157786309,26.8491841902602],[75.7784105333845,26.8495371907772],[75.7784563663286,26.8497247240831],[75.7788729816012,26.8522096661328],[75.7789197919123,26.8524017769157],[75.7789525597589,26.8524894798522],[75.7789993700701,26.8525563009007],[75.7790883104697,26.8526147691856],[75.7792334234224,26.852644002916],[75.7794581145328,26.852652355638],[75.7809420119063,26.852476950751],[75.7831701985269,26.8521679023533],[75.785740102485,26.8518254435886],[75.7866732104184,26.8516784274644],[75.7863290586465,26.8462186616093],[75.786161970207,26.8425894296995],[75.7860463767929,26.8413173819874],[75.7859307824804,26.8405610225619],[75.7856032675076,26.8393920924916],[75.7854298773864,26.8389279554054],[75.786136324204,26.8387762046121]]]},"properties":{"ward_number":87,"vidhansabha":"Malviya Nagar","vidhansabha_hi":"\u092e\u093e\u0932\u0935\u0940\u092f \u0928\u0917\u0930","mla":"Kali Charan Saraf","mla_party":"BJP","lok_sabha":"Jaipur","mp":"Manju Sharma","mp_party":"BJP","centroid_lat":26.842565,"centroid_lng":75.782826,"parshad":"","parshad_party":"","total_reports":0,"open_reports":0}}]}